ProductRelease,RecordType,KB,BuildNumber,Component,ReleaseLabel,ReleaseDate,DatePrecision,BuildScope,Source,SourcePriority,SourceUrl,KBUrl,RetrievedOn
SE,KB,KB5002908,16.0.20326.20136,SharePoint Server Subscription Edition,8-Sep-26,2026-09-08,day,PackageEntry,Microsoft Learn,1,https://learn.microsoft.com/en-us/officeupdates/sharepoint-updates,https://support.microsoft.com/help/5002908,2026-09-24
SE,KB,KB5002893,16.0.19725.20522,SharePoint Server Subscription Edition,11-Aug-26,2026-08-11,day,PackageEntry,Microsoft Learn,1,https://learn.microsoft.com/en-us/officeupdates/sharepoint-updates,https://support.microsoft.com/help/5002893,2026-09-24
SE,KB,KB5002882,16.0.19725.20434,SharePoint Server Subscription Edition,14-Jul-26,2026-07-14,day,PackageEntry,Microsoft Learn,1,https://learn.microsoft.com/en-us/officeupdates/sharepoint-updates,https://support.microsoft.com/help/5002882,2026-09-24
SE,KB,KB5002873,16.0.19725.20384,SharePoint Server Subscription Edition,9-Jun-26,2026-06-09,day,PackageEntry,Microsoft Learn,1,https://learn.microsoft.com/en-us/officeupdates/sharepoint-updates,https://support.microsoft.com/help/5002873,2026-09-24
SE,KB,KB5002863,16.0.19725.20280,SharePoint Server Subscription Edition,12-May-26,2026-05-12,day,PackageEntry,Microsoft Learn,1,https://learn.microsoft.com/en-us/officeupdates/sharepoint-updates,https://support.microsoft.com/help/5002863,2026-09-24
SE,KB,KB5002853,16.0.19725.20210,SharePoint Server Subscription Edition,14-Apr-26,2026-04-14,day,PackageEntry,Microsoft Learn,1,https://learn.microsoft.com/en-us/officeupdates/sharepoint-updates,https://support.microsoft.com/help/5002853,2026-09-24
SE,KB,KB5002843,16.0.19725.20076,SharePoint Server Subscription Edition,10-Mar-26,2026-03-10,day,PackageEntry,Microsoft Learn,1,https://learn.microsoft.com/en-us/officeupdates/sharepoint-updates,https://support.microsoft.com/help/5002843,2026-09-24
SE,KB,KB5002833,16.0.19127.20518,SharePoint Server Subscription Edition,10-Feb-26,2026-02-10,day,PackageEntry,Microsoft Learn,1,https://learn.microsoft.com/en-us/officeupdates/sharepoint-updates,https://support.microsoft.com/help/5002833,2026-09-24
SE,KB,KB5002822,16.0.19127.20442,SharePoint Server Subscription Edition,13-Jan-26,2026-01-13,day,PackageEntry,Microsoft Learn,1,https://learn.microsoft.com/en-us/officeupdates/sharepoint-updates,https://support.microsoft.com/help/5002822,2026-09-24
SE,KB,KB5002815,16.0.19127.20378,SharePoint Server Subscription Edition,9-Dec-25,2025-12-09,day,PackageEntry,Microsoft Learn,1,https://learn.microsoft.com/en-us/officeupdates/sharepoint-updates,https://support.microsoft.com/help/5002815,2026-09-24
SE,KB,KB5002800,16.0.19127.20338,SharePoint Server Subscription Edition,11-Nov-25,2025-11-11,day,PackageEntry,Microsoft Learn,1,https://learn.microsoft.com/en-us/officeupdates/sharepoint-updates,https://support.microsoft.com/help/5002800,2026-09-24
SE,KB,KB5002786,16.0.19127.20262,SharePoint Server Subscription Edition,14-Oct-25,2025-10-14,day,PackageEntry,Microsoft Learn,1,https://learn.microsoft.com/en-us/officeupdates/sharepoint-updates,https://support.microsoft.com/help/5002786,2026-09-24
SE,KB,KB5002784,16.0.19127.20100,SharePoint Server Subscription Edition,9-Sep-25,2025-09-09,day,PackageEntry,Microsoft Learn,1,https://learn.microsoft.com/en-us/officeupdates/sharepoint-updates,https://support.microsoft.com/help/5002784,2026-09-24
SE,KB,KB5002773,16.0.18526.20518,SharePoint Server Subscription Edition,12-Aug-25,2025-08-12,day,PackageEntry,Microsoft Learn,1,https://learn.microsoft.com/en-us/officeupdates/sharepoint-updates,https://support.microsoft.com/help/5002773,2026-09-24
SE,KB,KB5002768,16.0.18526.20508,SharePoint Server Subscription Edition,21-Jul-25,2025-07-21,day,PackageEntry,Microsoft Learn,1,https://learn.microsoft.com/en-us/officeupdates/sharepoint-updates,https://support.microsoft.com/help/5002768,2026-09-24
SE,KB,KB5002751,16.0.18526.20424,SharePoint Server Subscription Edition,8-Jul-25,2025-07-08,day,PackageEntry,Microsoft Learn,1,https://learn.microsoft.com/en-us/officeupdates/sharepoint-updates,https://support.microsoft.com/help/5002751,2026-09-24
SE,KB,KB5002736,16.0.18526.20396,SharePoint Server Subscription Edition,25-Jun,2025-06-01,month,PackageEntry,Microsoft Learn,1,https://learn.microsoft.com/en-us/officeupdates/sharepoint-updates,https://support.microsoft.com/help/5002736,2026-09-24
SE,KB,KB5002709,16.0.18526.20286,SharePoint Server Subscription Edition,25-May,2025-05-01,month,PackageEntry,Microsoft Learn,1,https://learn.microsoft.com/en-us/officeupdates/sharepoint-updates,https://support.microsoft.com/help/5002709,2026-09-24
SE,KB,KB5002705,16.0.18526.20172,SharePoint Server Subscription Edition,25-Apr,2025-04-01,month,PackageEntry,Microsoft Learn,1,https://learn.microsoft.com/en-us/officeupdates/sharepoint-updates,https://support.microsoft.com/help/5002705,2026-09-24
SE,KB,KB5002698,16.0.18526.20080,SharePoint Server Subscription Edition,25-Mar,2025-03-01,month,PackageEntry,Microsoft Learn,1,https://learn.microsoft.com/en-us/officeupdates/sharepoint-updates,https://support.microsoft.com/help/5002698,2026-09-24
SE,KB,KB5002681,16.0.17928.20396,SharePoint Server Subscription Edition,25-Feb,2025-02-01,month,PackageEntry,Microsoft Learn,1,https://learn.microsoft.com/en-us/officeupdates/sharepoint-updates,https://support.microsoft.com/help/5002681,2026-09-24
SE,KB,KB5002676,16.0.17928.20356,SharePoint Server Subscription Edition,25-Jan,2025-01-01,month,PackageEntry,Microsoft Learn,1,https://learn.microsoft.com/en-us/officeupdates/sharepoint-updates,https://support.microsoft.com/help/5002676,2026-09-24
SE,KB,KB5002658,16.0.17928.20290,SharePoint Server Subscription Edition,24-Dec,2024-12-01,month,PackageEntry,Microsoft Learn,1,https://learn.microsoft.com/en-us/officeupdates/sharepoint-updates,https://support.microsoft.com/help/5002658,2026-09-24
SE,KB,KB5002651,16.0.17928.20238,SharePoint Server Subscription Edition,24-Nov,2024-11-01,month,PackageEntry,Microsoft Learn,1,https://learn.microsoft.com/en-us/officeupdates/sharepoint-updates,https://support.microsoft.com/help/5002651,2026-09-24
SE,KB,KB5002649,16.0.17928.20162,SharePoint Server Subscription Edition,24-Oct,2024-10-01,month,PackageEntry,Microsoft Learn,1,https://learn.microsoft.com/en-us/officeupdates/sharepoint-updates,https://support.microsoft.com/help/5002649,2026-09-24
SE,KB,KB5002640,16.0.17928.20086,SharePoint Server Subscription Edition,24-Sep,2024-09-01,month,PackageEntry,Microsoft Learn,1,https://learn.microsoft.com/en-us/officeupdates/sharepoint-updates,https://support.microsoft.com/help/5002640,2026-09-24
SE,KB,KB5002629,16.0.17328.20510,SharePoint Server Subscription Edition,24-Aug,2024-08-01,month,PackageEntry,Microsoft Learn,1,https://learn.microsoft.com/en-us/officeupdates/sharepoint-updates,https://support.microsoft.com/help/5002629,2026-09-24
SE,KB,KB5002606,16.0.17328.20424,SharePoint Server Subscription Edition,24-Jul,2024-07-01,month,PackageEntry,Microsoft Learn,1,https://learn.microsoft.com/en-us/officeupdates/sharepoint-updates,https://support.microsoft.com/help/5002606,2026-09-24
SE,KB,KB5002603,16.0.17328.20362,SharePoint Server Subscription Edition,24-Jun,2024-06-01,month,PackageEntry,Microsoft Learn,1,https://learn.microsoft.com/en-us/officeupdates/sharepoint-updates,https://support.microsoft.com/help/5002603,2026-09-24
SE,KB,KB5002599,16.0.17328.20292,SharePoint Server Subscription Edition,24-May,2024-05-01,month,PackageEntry,Microsoft Learn,1,https://learn.microsoft.com/en-us/officeupdates/sharepoint-updates,https://support.microsoft.com/help/5002599,2026-09-24
SE,KB,KB5002581,16.0.17328.20246,SharePoint Server Subscription Edition,24-Apr,2024-04-01,month,PackageEntry,Microsoft Learn,1,https://learn.microsoft.com/en-us/officeupdates/sharepoint-updates,https://support.microsoft.com/help/5002581,2026-09-24
SE,KB,KB5002564,16.0.17328.20136,SharePoint Server Subscription Edition,24-Mar,2024-03-01,month,PackageEntry,Microsoft Learn,1,https://learn.microsoft.com/en-us/officeupdates/sharepoint-updates,https://support.microsoft.com/help/5002564,2026-09-24
SE,KB,KB5002560,16.0.16731.20526,SharePoint Server Subscription Edition,24-Feb,2024-02-01,month,PackageEntry,Microsoft Learn,1,https://learn.microsoft.com/en-us/officeupdates/sharepoint-updates,https://support.microsoft.com/help/5002560,2026-09-24
SE,KB,KB5002540,16.0.16731.20462,SharePoint Server Subscription Edition,24-Jan,2024-01-01,month,PackageEntry,Microsoft Learn,1,https://learn.microsoft.com/en-us/officeupdates/sharepoint-updates,https://support.microsoft.com/help/5002540,2026-09-24
SE,KB,KB5002533,16.0.16731.20402,SharePoint Server Subscription Edition,23-Dec,2023-12-01,month,PackageEntry,Microsoft Learn,1,https://learn.microsoft.com/en-us/officeupdates/sharepoint-updates,https://support.microsoft.com/help/5002533,2026-09-24
SE,KB,KB5002527,16.0.16731.20350,SharePoint Server Subscription Edition,23-Nov,2023-11-01,month,PackageEntry,Microsoft Learn,1,https://learn.microsoft.com/en-us/officeupdates/sharepoint-updates,https://support.microsoft.com/help/5002527,2026-09-24
SE,KB,KB5002506,16.0.16731.20252,SharePoint Server Subscription Edition,23-Oct,2023-10-01,month,PackageEntry,Microsoft Learn,1,https://learn.microsoft.com/en-us/officeupdates/sharepoint-updates,https://support.microsoft.com/help/5002506,2026-09-24
SE,KB,KB5002474,16.0.16731.20180,SharePoint Server Subscription Edition,23-Sep,2023-09-01,month,PackageEntry,Microsoft Learn,1,https://learn.microsoft.com/en-us/officeupdates/sharepoint-updates,https://support.microsoft.com/help/5002474,2026-09-24
SE,KB,KB5002437,16.0.16130.20684,SharePoint Server Subscription Edition,23-Aug,2023-08-01,month,PackageEntry,Microsoft Learn,1,https://learn.microsoft.com/en-us/officeupdates/sharepoint-updates,https://support.microsoft.com/help/5002437,2026-09-24
SE,KB,KB5002424,16.0.16130.20642,SharePoint Server Subscription Edition,23-Jul,2023-07-01,month,PackageEntry,Microsoft Learn,1,https://learn.microsoft.com/en-us/officeupdates/sharepoint-updates,https://support.microsoft.com/help/5002424,2026-09-24
SE,KB,KB5002416,16.0.16130.20548,SharePoint Server Subscription Edition,23-Jun,2023-06-01,month,PackageEntry,Microsoft Learn,1,https://learn.microsoft.com/en-us/officeupdates/sharepoint-updates,https://support.microsoft.com/help/5002416,2026-09-24
SE,KB,KB5002390,16.0.16130.20420,SharePoint Server Subscription Edition,23-May,2023-05-01,month,PackageEntry,Microsoft Learn,1,https://learn.microsoft.com/en-us/officeupdates/sharepoint-updates,https://support.microsoft.com/help/5002390,2026-09-24
SE,KB,KB5002375,16.0.16130.20314,SharePoint Server Subscription Edition,23-Apr,2023-04-01,month,PackageEntry,Microsoft Learn,1,https://learn.microsoft.com/en-us/officeupdates/sharepoint-updates,https://support.microsoft.com/help/5002375,2026-09-24
SE,KB,KB5002355,16.0.16130.20206,SharePoint Server Subscription Edition,23-Mar,2023-03-01,month,PackageEntry,Microsoft Learn,1,https://learn.microsoft.com/en-us/officeupdates/sharepoint-updates,https://support.microsoft.com/help/5002355,2026-09-24
SE,KB,KB5002352,16.0.15601.20478,SharePoint Server Subscription Edition MUI/language patch,23-Feb,2023-02-01,month,SharedReleaseRow,Microsoft Learn,1,https://learn.microsoft.com/en-us/officeupdates/sharepoint-updates,https://support.microsoft.com/help/5002352,2026-09-24
SE,KB,KB5002353,16.0.15601.20478,SharePoint Server Subscription Edition,23-Feb,2023-02-01,month,SharedReleaseRow,Microsoft Learn,1,https://learn.microsoft.com/en-us/officeupdates/sharepoint-updates,https://support.microsoft.com/help/5002353,2026-09-24
SE,KB,KB5002326,16.0.15601.20418,SharePoint Server Subscription Edition MUI/language patch,23-Jan,2023-01-01,month,SharedReleaseRow,Microsoft Learn,1,https://learn.microsoft.com/en-us/officeupdates/sharepoint-updates,https://support.microsoft.com/help/5002326,2026-09-24
SE,KB,KB5002331,16.0.15601.20418,SharePoint Server Subscription Edition,23-Jan,2023-01-01,month,SharedReleaseRow,Microsoft Learn,1,https://learn.microsoft.com/en-us/officeupdates/sharepoint-updates,https://support.microsoft.com/help/5002331,2026-09-24
SE,KB,KB5002327,16.0.15601.20316,SharePoint Server Subscription Edition,22-Dec,2022-12-01,month,PackageEntry,Microsoft Learn,1,https://learn.microsoft.com/en-us/officeupdates/sharepoint-updates,https://support.microsoft.com/help/5002327,2026-09-24
SE,KB,KB5002291,16.0.15601.20238,SharePoint Server Subscription Edition MUI/language patch,22-Nov,2022-11-01,month,SharedReleaseRow,Microsoft Learn,1,https://learn.microsoft.com/en-us/officeupdates/sharepoint-updates,https://support.microsoft.com/help/5002291,2026-09-24
SE,KB,KB5002296,16.0.15601.20238,SharePoint Server Subscription Edition,22-Nov,2022-11-01,month,SharedReleaseRow,Microsoft Learn,1,https://learn.microsoft.com/en-us/officeupdates/sharepoint-updates,https://support.microsoft.com/help/5002296,2026-09-24
SE,KB,KB5002290,16.0.15601.20158,SharePoint Server Subscription Edition,22-Oct,2022-10-01,month,PackageEntry,Microsoft Learn,1,https://learn.microsoft.com/en-us/officeupdates/sharepoint-updates,https://support.microsoft.com/help/5002290,2026-09-24
SE,KB,KB5002270,16.0.15601.20052,SharePoint Server Subscription Edition MUI/language patch,22-Sep,2022-09-01,month,SharedReleaseRow,Microsoft Learn,1,https://learn.microsoft.com/en-us/officeupdates/sharepoint-updates,https://support.microsoft.com/help/5002270,2026-09-24
SE,KB,KB5002271,16.0.15601.20052,SharePoint Server Subscription Edition,22-Sep,2022-09-01,month,SharedReleaseRow,Microsoft Learn,1,https://learn.microsoft.com/en-us/officeupdates/sharepoint-updates,https://support.microsoft.com/help/5002271,2026-09-24
SE,KB,KB5002233,16.0.14931.20612,SharePoint Server Subscription Edition MUI/language patch,22-Aug,2022-08-01,month,SharedReleaseRow,Microsoft Learn,1,https://learn.microsoft.com/en-us/officeupdates/sharepoint-updates,https://support.microsoft.com/help/5002233,2026-09-24
SE,KB,KB5002247,16.0.14931.20612,SharePoint Server Subscription Edition,22-Aug,2022-08-01,month,SharedReleaseRow,Microsoft Learn,1,https://learn.microsoft.com/en-us/officeupdates/sharepoint-updates,https://support.microsoft.com/help/5002247,2026-09-24
SE,KB,KB5002234,16.0.14931.20502,SharePoint Server Subscription Edition,22-Jul,2022-07-01,month,PackageEntry,Microsoft Learn,1,https://learn.microsoft.com/en-us/officeupdates/sharepoint-updates,https://support.microsoft.com/help/5002234,2026-09-24
SE,KB,KB5002224,16.0.14931.20418,SharePoint Server Subscription Edition,22-Jun,2022-06-01,month,SharedReleaseRow,Microsoft Learn,1,https://learn.microsoft.com/en-us/officeupdates/sharepoint-updates,https://support.microsoft.com/help/5002224,2026-09-24
SE,KB,KB5002225,16.0.14931.20418,SharePoint Server Subscription Edition MUI/language patch,22-Jun,2022-06-01,month,SharedReleaseRow,Microsoft Learn,1,https://learn.microsoft.com/en-us/officeupdates/sharepoint-updates,https://support.microsoft.com/help/5002225,2026-09-24
SE,KB,KB5002144,16.0.14931.20286,SharePoint Server Subscription Edition MUI/language patch,22-May,2022-05-01,month,SharedReleaseRow,Microsoft Learn,1,https://learn.microsoft.com/en-us/officeupdates/sharepoint-updates,https://support.microsoft.com/help/5002144,2026-09-24
SE,KB,KB5002194,16.0.14931.20286,SharePoint Server Subscription Edition,22-May,2022-05-01,month,SharedReleaseRow,Microsoft Learn,1,https://learn.microsoft.com/en-us/officeupdates/sharepoint-updates,https://support.microsoft.com/help/5002194,2026-09-24
SE,KB,KB5002191,16.0.14931.20196,SharePoint Server Subscription Edition,22-Apr,2022-04-01,month,PackageEntry,Microsoft Learn,1,https://learn.microsoft.com/en-us/officeupdates/sharepoint-updates,https://support.microsoft.com/help/5002191,2026-09-24
SE,KB,KB5002165,16.0.14326.20796,SharePoint Server Subscription Edition,22-Mar,2022-03-01,month,PackageEntry,Microsoft Learn,1,https://learn.microsoft.com/en-us/officeupdates/sharepoint-updates,https://support.microsoft.com/help/5002165,2026-09-24
SE,KB,KB5002145,16.0.14326.20742,SharePoint Server Subscription Edition,22-Feb,2022-02-01,month,PackageEntry,Microsoft Learn,1,https://learn.microsoft.com/en-us/officeupdates/sharepoint-updates,https://support.microsoft.com/help/5002145,2026-09-24
SE,KB,KB5002110,16.0.14326.20714,SharePoint Server Subscription Edition MUI/language patch,22-Jan,2022-01-01,month,SharedReleaseRow,Microsoft Learn,1,https://learn.microsoft.com/en-us/officeupdates/sharepoint-updates,https://support.microsoft.com/help/5002110,2026-09-24
SE,KB,KB5002111,16.0.14326.20714,SharePoint Server Subscription Edition,22-Jan,2022-01-01,month,SharedReleaseRow,Microsoft Learn,1,https://learn.microsoft.com/en-us/officeupdates/sharepoint-updates,https://support.microsoft.com/help/5002111,2026-09-24
SE,KB,KB5002045,16.0.14326.20620,SharePoint Server Subscription Edition,21-Dec,2021-12-01,month,SharedReleaseRow,Microsoft Learn,1,https://learn.microsoft.com/en-us/officeupdates/sharepoint-updates,https://support.microsoft.com/help/5002045,2026-09-24
SE,KB,KB5002047,16.0.14326.20620,SharePoint Server Subscription Edition MUI/language patch,21-Dec,2021-12-01,month,SharedReleaseRow,Microsoft Learn,1,https://learn.microsoft.com/en-us/officeupdates/sharepoint-updates,https://support.microsoft.com/help/5002047,2026-09-24
2019,KB,KB5002894,16.0.10417.20198,SharePoint Server 2019,11-Aug-26,2026-08-11,day,SharedReleaseRow,Microsoft Learn,1,https://learn.microsoft.com/en-us/officeupdates/sharepoint-updates,https://support.microsoft.com/help/5002894,2026-09-24
2019,KB,KB5002896,16.0.10417.20198,SharePoint Server 2019 MUI/language patch,11-Aug-26,2026-08-11,day,SharedReleaseRow,Microsoft Learn,1,https://learn.microsoft.com/en-us/officeupdates/sharepoint-updates,https://support.microsoft.com/help/5002896,2026-09-24
2019,KB,KB5002883,16.0.10417.20175,SharePoint Server 2019,14-Jul-26,2026-07-14,day,SharedReleaseRow,Microsoft Learn,1,https://learn.microsoft.com/en-us/officeupdates/sharepoint-updates,https://support.microsoft.com/help/5002883,2026-09-24
2019,KB,KB5002885,16.0.10417.20175,SharePoint Server 2019 MUI/language patch,14-Jul-26,2026-07-14,day,SharedReleaseRow,Microsoft Learn,1,https://learn.microsoft.com/en-us/officeupdates/sharepoint-updates,https://support.microsoft.com/help/5002885,2026-09-24
2019,KB,KB5002874,16.0.10417.20153,SharePoint Server 2019,9-Jun-26,2026-06-09,day,SharedReleaseRow,Microsoft Learn,1,https://learn.microsoft.com/en-us/officeupdates/sharepoint-updates,https://support.microsoft.com/help/5002874,2026-09-24
2019,KB,KB5002876,16.0.10417.20153,SharePoint Server 2019 MUI/language patch,9-Jun-26,2026-06-09,day,SharedReleaseRow,Microsoft Learn,1,https://learn.microsoft.com/en-us/officeupdates/sharepoint-updates,https://support.microsoft.com/help/5002876,2026-09-24
2019,KB,KB5002870,16.0.10417.20128,SharePoint Server 2019,12-May-26,2026-05-12,day,SharedReleaseRow,Microsoft Learn,1,https://learn.microsoft.com/en-us/officeupdates/sharepoint-updates,https://support.microsoft.com/help/5002870,2026-09-24
2019,KB,KB5002872,16.0.10417.20128,SharePoint Server 2019 MUI/language patch,12-May-26,2026-05-12,day,SharedReleaseRow,Microsoft Learn,1,https://learn.microsoft.com/en-us/officeupdates/sharepoint-updates,https://support.microsoft.com/help/5002872,2026-09-24
2019,KB,KB5002854,16.0.10417.20114,SharePoint Server 2019,14-Apr-26,2026-04-14,day,SharedReleaseRow,Microsoft Learn,1,https://learn.microsoft.com/en-us/officeupdates/sharepoint-updates,https://support.microsoft.com/help/5002854,2026-09-24
2019,KB,KB5002856,16.0.10417.20114,SharePoint Server 2019 MUI/language patch,14-Apr-26,2026-04-14,day,SharedReleaseRow,Microsoft Learn,1,https://learn.microsoft.com/en-us/officeupdates/sharepoint-updates,https://support.microsoft.com/help/5002856,2026-09-24
2019,KB,KB5002845,16.0.10417.20102,SharePoint Server 2019,10-Mar-26,2026-03-10,day,SharedReleaseRow,Microsoft Learn,1,https://learn.microsoft.com/en-us/officeupdates/sharepoint-updates,https://support.microsoft.com/help/5002845,2026-09-24
2019,KB,KB5002847,16.0.10417.20102,SharePoint Server 2019 MUI/language patch,10-Mar-26,2026-03-10,day,SharedReleaseRow,Microsoft Learn,1,https://learn.microsoft.com/en-us/officeupdates/sharepoint-updates,https://support.microsoft.com/help/5002847,2026-09-24
2019,KB,KB5002834,16.0.10417.20097,SharePoint Server 2019,10-Feb-26,2026-02-10,day,SharedReleaseRow,Microsoft Learn,1,https://learn.microsoft.com/en-us/officeupdates/sharepoint-updates,https://support.microsoft.com/help/5002834,2026-09-24
2019,KB,KB5002836,16.0.10417.20097,SharePoint Server 2019 MUI/language patch,10-Feb-26,2026-02-10,day,SharedReleaseRow,Microsoft Learn,1,https://learn.microsoft.com/en-us/officeupdates/sharepoint-updates,https://support.microsoft.com/help/5002836,2026-09-24
2019,KB,KB5002823,16.0.10417.20083,SharePoint Server 2019 MUI/language patch,13-Jan-26,2026-01-13,day,SharedReleaseRow,Microsoft Learn,1,https://learn.microsoft.com/en-us/officeupdates/sharepoint-updates,https://support.microsoft.com/help/5002823,2026-09-24
2019,KB,KB5002825,16.0.10417.20083,SharePoint Server 2019,13-Jan-26,2026-01-13,day,SharedReleaseRow,Microsoft Learn,1,https://learn.microsoft.com/en-us/officeupdates/sharepoint-updates,https://support.microsoft.com/help/5002825,2026-09-24
2019,KB,KB5002802,16.0.10417.20075,SharePoint Server 2019 MUI/language patch,9-Dec-25,2025-12-09,day,SharedReleaseRow,Microsoft Learn,1,https://learn.microsoft.com/en-us/officeupdates/sharepoint-updates,https://support.microsoft.com/help/5002802,2026-09-24
2019,KB,KB5002816,16.0.10417.20075,SharePoint Server 2019,9-Dec-25,2025-12-09,day,SharedReleaseRow,Microsoft Learn,1,https://learn.microsoft.com/en-us/officeupdates/sharepoint-updates,https://support.microsoft.com/help/5002816,2026-09-24
2019,KB,KB5002803,16.0.10417.20068,SharePoint Server 2019,11-Nov-25,2025-11-11,day,PackageEntry,Microsoft Learn,1,https://learn.microsoft.com/en-us/officeupdates/sharepoint-updates,https://support.microsoft.com/help/5002803,2026-09-24
2019,KB,KB5002796,16.0.10417.20059,SharePoint Server 2019,14-Oct-25,2025-10-14,day,SharedReleaseRow,Microsoft Learn,1,https://learn.microsoft.com/en-us/officeupdates/sharepoint-updates,https://support.microsoft.com/help/5002796,2026-09-24
2019,KB,KB5002798,16.0.10417.20059,SharePoint Server 2019 MUI/language patch,14-Oct-25,2025-10-14,day,SharedReleaseRow,Microsoft Learn,1,https://learn.microsoft.com/en-us/officeupdates/sharepoint-updates,https://support.microsoft.com/help/5002798,2026-09-24
2019,KB,KB5002774,16.0.10417.20047,SharePoint Server 2019 MUI/language patch,9-Sep-25,2025-09-09,day,SharedReleaseRow,Microsoft Learn,1,https://learn.microsoft.com/en-us/officeupdates/sharepoint-updates,https://support.microsoft.com/help/5002774,2026-09-24
2019,KB,KB5002775,16.0.10417.20047,SharePoint Server 2019,9-Sep-25,2025-09-09,day,SharedReleaseRow,Microsoft Learn,1,https://learn.microsoft.com/en-us/officeupdates/sharepoint-updates,https://support.microsoft.com/help/5002775,2026-09-24
2019,KB,KB5002769,16.0.10417.20041,SharePoint Server 2019,12-Aug-25,2025-08-12,day,SharedReleaseRow,Microsoft Learn,1,https://learn.microsoft.com/en-us/officeupdates/sharepoint-updates,https://support.microsoft.com/help/5002769,2026-09-24
2019,KB,KB5002770,16.0.10417.20041,SharePoint Server 2019 MUI/language patch,12-Aug-25,2025-08-12,day,SharedReleaseRow,Microsoft Learn,1,https://learn.microsoft.com/en-us/officeupdates/sharepoint-updates,https://support.microsoft.com/help/5002770,2026-09-24
2019,KB,KB5002753,16.0.10417.20037,SharePoint Server 2019 MUI/language patch,21-Jul-25,2025-07-21,day,SharedReleaseRow,Microsoft Learn,1,https://learn.microsoft.com/en-us/officeupdates/sharepoint-updates,https://support.microsoft.com/help/5002753,2026-09-24
2019,KB,KB5002754,16.0.10417.20037,SharePoint Server 2019,21-Jul-25,2025-07-21,day,SharedReleaseRow,Microsoft Learn,1,https://learn.microsoft.com/en-us/officeupdates/sharepoint-updates,https://support.microsoft.com/help/5002754,2026-09-24
2019,KB,KB5002739,16.0.10417.20027,SharePoint Server 2019 MUI/language patch,8-Jul-25,2025-07-08,day,SharedReleaseRow,Microsoft Learn,1,https://learn.microsoft.com/en-us/officeupdates/sharepoint-updates,https://support.microsoft.com/help/5002739,2026-09-24
2019,KB,KB5002741,16.0.10417.20027,SharePoint Server 2019,8-Jul-25,2025-07-08,day,SharedReleaseRow,Microsoft Learn,1,https://learn.microsoft.com/en-us/officeupdates/sharepoint-updates,https://support.microsoft.com/help/5002741,2026-09-24
2019,KB,KB5002727,16.0.10417.20018,SharePoint Server 2019 MUI/language patch,25-Jun,2025-06-01,month,SharedReleaseRow,Microsoft Learn,1,https://learn.microsoft.com/en-us/officeupdates/sharepoint-updates,https://support.microsoft.com/help/5002727,2026-09-24
2019,KB,KB5002729,16.0.10417.20018,SharePoint Server 2019,25-Jun,2025-06-01,month,SharedReleaseRow,Microsoft Learn,1,https://learn.microsoft.com/en-us/officeupdates/sharepoint-updates,https://support.microsoft.com/help/5002729,2026-09-24
2019,KB,KB5002706,16.0.10417.20010,SharePoint Server 2019 MUI/language patch,25-May,2025-05-01,month,SharedReleaseRow,Microsoft Learn,1,https://learn.microsoft.com/en-us/officeupdates/sharepoint-updates,https://support.microsoft.com/help/5002706,2026-09-24
2019,KB,KB5002708,16.0.10417.20010,SharePoint Server 2019,25-May,2025-05-01,month,SharedReleaseRow,Microsoft Learn,1,https://learn.microsoft.com/en-us/officeupdates/sharepoint-updates,https://support.microsoft.com/help/5002708,2026-09-24
2019,KB,KB5002680,16.0.10417.20003,SharePoint Server 2019 MUI/language patch,25-Apr,2025-04-01,month,SharedReleaseRow,Microsoft Learn,1,https://learn.microsoft.com/en-us/officeupdates/sharepoint-updates,https://support.microsoft.com/help/5002680,2026-09-24
2019,KB,KB5002691,16.0.10417.20003,SharePoint Server 2019,25-Apr,2025-04-01,month,SharedReleaseRow,Microsoft Learn,1,https://learn.microsoft.com/en-us/officeupdates/sharepoint-updates,https://support.microsoft.com/help/5002691,2026-09-24
2019,KB,KB5002678,16.0.10416.20050,SharePoint Server 2019,25-Feb,2025-02-01,month,PackageEntry,Microsoft Learn,1,https://learn.microsoft.com/en-us/officeupdates/sharepoint-updates,https://support.microsoft.com/help/5002678,2026-09-24
2019,KB,KB5002666,16.0.10416.20041,SharePoint Server 2019,25-Jan,2025-01-01,month,SharedReleaseRow,Microsoft Learn,1,https://learn.microsoft.com/en-us/officeupdates/sharepoint-updates,https://support.microsoft.com/help/5002666,2026-09-24
2019,KB,KB5002667,16.0.10416.20041,SharePoint Server 2019 MUI/language patch,25-Jan,2025-01-01,month,SharedReleaseRow,Microsoft Learn,1,https://learn.microsoft.com/en-us/officeupdates/sharepoint-updates,https://support.microsoft.com/help/5002667,2026-09-24
2019,KB,KB5002657,16.0.10416.20026,SharePoint Server 2019,24-Dec,2024-12-01,month,SharedReleaseRow,Microsoft Learn,1,https://learn.microsoft.com/en-us/officeupdates/sharepoint-updates,https://support.microsoft.com/help/5002657,2026-09-24
2019,KB,KB5002664,16.0.10416.20026,SharePoint Server 2019 MUI/language patch,24-Dec,2024-12-01,month,SharedReleaseRow,Microsoft Learn,1,https://learn.microsoft.com/en-us/officeupdates/sharepoint-updates,https://support.microsoft.com/help/5002664,2026-09-24
2019,KB,KB5002650,16.0.10416.20000,SharePoint Server 2019,24-Nov,2024-11-01,month,PackageEntry,Microsoft Learn,1,https://learn.microsoft.com/en-us/officeupdates/sharepoint-updates,https://support.microsoft.com/help/5002650,2026-09-24
2019,KB,KB5002647,16.0.10415.20001,SharePoint Server 2019,24-Oct,2024-10-01,month,PackageEntry,Microsoft Learn,1,https://learn.microsoft.com/en-us/officeupdates/sharepoint-updates,https://support.microsoft.com/help/5002647,2026-09-24
2019,KB,KB5002639,16.0.10414.20002,SharePoint Server 2019,24-Sep,2024-09-01,month,PackageEntry,Microsoft Learn,1,https://learn.microsoft.com/en-us/officeupdates/sharepoint-updates,https://support.microsoft.com/help/5002639,2026-09-24
2019,KB,KB5002597,16.0.10413.20000,SharePoint Server 2019 MUI/language patch,24-Aug,2024-08-01,month,SharedReleaseRow,Microsoft Learn,1,https://learn.microsoft.com/en-us/officeupdates/sharepoint-updates,https://support.microsoft.com/help/5002597,2026-09-24
2019,KB,KB5002630,16.0.10413.20000,SharePoint Server 2019,24-Aug,2024-08-01,month,SharedReleaseRow,Microsoft Learn,1,https://learn.microsoft.com/en-us/officeupdates/sharepoint-updates,https://support.microsoft.com/help/5002630,2026-09-24
2019,KB,KB5002615,16.0.10412.20001,SharePoint Server 2019,24-Jul,2024-07-01,month,PackageEntry,Microsoft Learn,1,https://learn.microsoft.com/en-us/officeupdates/sharepoint-updates,https://support.microsoft.com/help/5002615,2026-09-24
2019,KB,KB5002602,16.0.10411.20004,SharePoint Server 2019,24-Jun,2024-06-01,month,PackageEntry,Microsoft Learn,1,https://learn.microsoft.com/en-us/officeupdates/sharepoint-updates,https://support.microsoft.com/help/5002602,2026-09-24
2019,KB,KB5002596,16.0.10410.20003,SharePoint Server 2019,24-May,2024-05-01,month,PackageEntry,Microsoft Learn,1,https://learn.microsoft.com/en-us/officeupdates/sharepoint-updates,https://support.microsoft.com/help/5002596,2026-09-24
2019,KB,KB5002538,16.0.10409.20027,SharePoint Server 2019 MUI/language patch,24-Apr,2024-04-01,month,SharedReleaseRow,Microsoft Learn,1,https://learn.microsoft.com/en-us/officeupdates/sharepoint-updates,https://support.microsoft.com/help/5002538,2026-09-24
2019,KB,KB5002580,16.0.10409.20027,SharePoint Server 2019,24-Apr,2024-04-01,month,SharedReleaseRow,Microsoft Learn,1,https://learn.microsoft.com/en-us/officeupdates/sharepoint-updates,https://support.microsoft.com/help/5002580,2026-09-24
2019,KB,KB5002562,16.0.10408.20027,SharePoint Server 2019,24-Mar,2024-03-01,month,PackageEntry,Microsoft Learn,1,https://learn.microsoft.com/en-us/officeupdates/sharepoint-updates,https://support.microsoft.com/help/5002562,2026-09-24
2019,KB,KB5002558,16.0.10407.20000,SharePoint Server 2019,24-Feb,2024-02-01,month,PackageEntry,Microsoft Learn,1,https://learn.microsoft.com/en-us/officeupdates/sharepoint-updates,https://support.microsoft.com/help/5002558,2026-09-24
2019,KB,KB5002539,16.0.10406.20000,SharePoint Server 2019,24-Jan,2024-01-01,month,PackageEntry,Microsoft Learn,1,https://learn.microsoft.com/en-us/officeupdates/sharepoint-updates,https://support.microsoft.com/help/5002539,2026-09-24
2019,KB,KB5002531,16.0.10405.20000,SharePoint Server 2019,23-Dec,2023-12-01,month,SharedReleaseRow,Microsoft Learn,1,https://learn.microsoft.com/en-us/officeupdates/sharepoint-updates,https://support.microsoft.com/help/5002531,2026-09-24
2019,KB,KB5002532,16.0.10405.20000,SharePoint Server 2019 MUI/language patch,23-Dec,2023-12-01,month,SharedReleaseRow,Microsoft Learn,1,https://learn.microsoft.com/en-us/officeupdates/sharepoint-updates,https://support.microsoft.com/help/5002532,2026-09-24
2019,KB,KB5002505,16.0.10404.20003,SharePoint Server 2019 MUI/language patch,23-Nov,2023-11-01,month,SharedReleaseRow,Microsoft Learn,1,https://learn.microsoft.com/en-us/officeupdates/sharepoint-updates,https://support.microsoft.com/help/5002505,2026-09-24
2019,KB,KB5002526,16.0.10404.20003,SharePoint Server 2019,23-Nov,2023-11-01,month,SharedReleaseRow,Microsoft Learn,1,https://learn.microsoft.com/en-us/officeupdates/sharepoint-updates,https://support.microsoft.com/help/5002526,2026-09-24
2019,KB,KB5002504,16.0.10403.20000,SharePoint Server 2019,23-Oct,2023-10-01,month,PackageEntry,Microsoft Learn,1,https://learn.microsoft.com/en-us/officeupdates/sharepoint-updates,https://support.microsoft.com/help/5002504,2026-09-24
2019,KB,KB5002471,16.0.10402.20016,SharePoint Server 2019 MUI/language patch,23-Sep,2023-09-01,month,SharedReleaseRow,Microsoft Learn,1,https://learn.microsoft.com/en-us/officeupdates/sharepoint-updates,https://support.microsoft.com/help/5002471,2026-09-24
2019,KB,KB5002472,16.0.10402.20016,SharePoint Server 2019,23-Sep,2023-09-01,month,SharedReleaseRow,Microsoft Learn,1,https://learn.microsoft.com/en-us/officeupdates/sharepoint-updates,https://support.microsoft.com/help/5002472,2026-09-24
2019,KB,KB5002422,16.0.10401.20025,SharePoint Server 2019 MUI/language patch,23-Aug,2023-08-01,month,SharedReleaseRow,Microsoft Learn,1,https://learn.microsoft.com/en-us/officeupdates/sharepoint-updates,https://support.microsoft.com/help/5002422,2026-09-24
2019,KB,KB5002436,16.0.10401.20025,SharePoint Server 2019,23-Aug,2023-08-01,month,SharedReleaseRow,Microsoft Learn,1,https://learn.microsoft.com/en-us/officeupdates/sharepoint-updates,https://support.microsoft.com/help/5002436,2026-09-24
2019,KB,KB5002423,16.0.10400.20008,SharePoint Server 2019,23-Jul,2023-07-01,month,PackageEntry,Microsoft Learn,1,https://learn.microsoft.com/en-us/officeupdates/sharepoint-updates,https://support.microsoft.com/help/5002423,2026-09-24
2019,KB,KB5002402,16.0.10399.20005,SharePoint Server 2019,23-Jun,2023-06-01,month,SharedReleaseRow,Microsoft Learn,1,https://learn.microsoft.com/en-us/officeupdates/sharepoint-updates,https://support.microsoft.com/help/5002402,2026-09-24
2019,KB,KB5002403,16.0.10399.20005,SharePoint Server 2019 MUI/language patch,23-Jun,2023-06-01,month,SharedReleaseRow,Microsoft Learn,1,https://learn.microsoft.com/en-us/officeupdates/sharepoint-updates,https://support.microsoft.com/help/5002403,2026-09-24
2019,KB,KB5002374,16.0.10398.20000,SharePoint Server 2019 MUI/language patch,23-May,2023-05-01,month,SharedReleaseRow,Microsoft Learn,1,https://learn.microsoft.com/en-us/officeupdates/sharepoint-updates,https://support.microsoft.com/help/5002374,2026-09-24
2019,KB,KB5002389,16.0.10398.20000,SharePoint Server 2019,23-May,2023-05-01,month,SharedReleaseRow,Microsoft Learn,1,https://learn.microsoft.com/en-us/officeupdates/sharepoint-updates,https://support.microsoft.com/help/5002389,2026-09-24
2019,KB,KB5002373,16.0.10397.20002,SharePoint Server 2019,23-Apr,2023-04-01,month,PackageEntry,Microsoft Learn,1,https://learn.microsoft.com/en-us/officeupdates/sharepoint-updates,https://support.microsoft.com/help/5002373,2026-09-24
2019,KB,KB5002357,16.0.10396.20000,SharePoint Server 2019 MUI/language patch,23-Mar,2023-03-01,month,SharedReleaseRow,Microsoft Learn,1,https://learn.microsoft.com/en-us/officeupdates/sharepoint-updates,https://support.microsoft.com/help/5002357,2026-09-24
2019,KB,KB5002358,16.0.10396.20000,SharePoint Server 2019,23-Mar,2023-03-01,month,SharedReleaseRow,Microsoft Learn,1,https://learn.microsoft.com/en-us/officeupdates/sharepoint-updates,https://support.microsoft.com/help/5002358,2026-09-24
2019,KB,KB5002330,16.0.10395.20001,SharePoint Server 2019 MUI/language patch,23-Feb,2023-02-01,month,SharedReleaseRow,Microsoft Learn,1,https://learn.microsoft.com/en-us/officeupdates/sharepoint-updates,https://support.microsoft.com/help/5002330,2026-09-24
2019,KB,KB5002342,16.0.10395.20001,SharePoint Server 2019,23-Feb,2023-02-01,month,SharedReleaseRow,Microsoft Learn,1,https://learn.microsoft.com/en-us/officeupdates/sharepoint-updates,https://support.microsoft.com/help/5002342,2026-09-24
2019,KB,KB5002329,16.0.10394.20021,SharePoint Server 2019,23-Jan,2023-01-01,month,PackageEntry,Microsoft Learn,1,https://learn.microsoft.com/en-us/officeupdates/sharepoint-updates,https://support.microsoft.com/help/5002329,2026-09-24
2019,KB,KB4461512,16.0.10394.20016,SharePoint Server 2019,22-Dec,2022-12-01,month,SharedReleaseRow,Microsoft Learn,1,https://learn.microsoft.com/en-us/officeupdates/sharepoint-updates,https://support.microsoft.com/help/4461512,2026-09-24
2019,KB,KB5002310,16.0.10394.20016,SharePoint Server 2019 MUI/language patch,22-Dec,2022-12-01,month,SharedReleaseRow,Microsoft Learn,1,https://learn.microsoft.com/en-us/officeupdates/sharepoint-updates,https://support.microsoft.com/help/5002310,2026-09-24
2019,KB,KB5002294,16.0.10392.20000,SharePoint Server 2019,22-Nov,2022-11-01,month,SharedReleaseRow,Microsoft Learn,1,https://learn.microsoft.com/en-us/officeupdates/sharepoint-updates,https://support.microsoft.com/help/5002294,2026-09-24
2019,KB,KB5002295,16.0.10392.20000,SharePoint Server 2019 MUI/language patch,22-Nov,2022-11-01,month,SharedReleaseRow,Microsoft Learn,1,https://learn.microsoft.com/en-us/officeupdates/sharepoint-updates,https://support.microsoft.com/help/5002295,2026-09-24
2019,KB,KB5002277,16.0.10391.20000,SharePoint Server 2019 MUI/language patch,22-Oct,2022-10-01,month,SharedReleaseRow,Microsoft Learn,1,https://learn.microsoft.com/en-us/officeupdates/sharepoint-updates,https://support.microsoft.com/help/5002277,2026-09-24
2019,KB,KB5002278,16.0.10391.20000,SharePoint Server 2019,22-Oct,2022-10-01,month,SharedReleaseRow,Microsoft Learn,1,https://learn.microsoft.com/en-us/officeupdates/sharepoint-updates,https://support.microsoft.com/help/5002278,2026-09-24
2019,KB,KB5002257,16.0.10390.20000,SharePoint Server 2019 MUI/language patch,22-Sep,2022-09-01,month,SharedReleaseRow,Microsoft Learn,1,https://learn.microsoft.com/en-us/officeupdates/sharepoint-updates,https://support.microsoft.com/help/5002257,2026-09-24
2019,KB,KB5002258,16.0.10390.20000,SharePoint Server 2019,22-Sep,2022-09-01,month,SharedReleaseRow,Microsoft Learn,1,https://learn.microsoft.com/en-us/officeupdates/sharepoint-updates,https://support.microsoft.com/help/5002258,2026-09-24
2019,KB,KB5002245,16.0.10389.20000,SharePoint Server 2019 MUI/language patch,22-Aug,2022-08-01,month,SharedReleaseRow,Microsoft Learn,1,https://learn.microsoft.com/en-us/officeupdates/sharepoint-updates,https://support.microsoft.com/help/5002245,2026-09-24
2019,KB,KB5002246,16.0.10389.20000,SharePoint Server 2019,22-Aug,2022-08-01,month,SharedReleaseRow,Microsoft Learn,1,https://learn.microsoft.com/en-us/officeupdates/sharepoint-updates,https://support.microsoft.com/help/5002246,2026-09-24
2019,KB,KB5002229,16.0.10388.20004,SharePoint Server 2019,22-Jul,2022-07-01,month,SharedReleaseRow,Microsoft Learn,1,https://learn.microsoft.com/en-us/officeupdates/sharepoint-updates,https://support.microsoft.com/help/5002229,2026-09-24
2019,KB,KB5002230,16.0.10388.20004,SharePoint Server 2019 MUI/language patch,22-Jul,2022-07-01,month,SharedReleaseRow,Microsoft Learn,1,https://learn.microsoft.com/en-us/officeupdates/sharepoint-updates,https://support.microsoft.com/help/5002230,2026-09-24
2019,KB,KB5002211,16.0.10387.20008,SharePoint Server 2019 MUI/language patch,22-Jun,2022-06-01,month,SharedReleaseRow,Microsoft Learn,1,https://learn.microsoft.com/en-us/officeupdates/sharepoint-updates,https://support.microsoft.com/help/5002211,2026-09-24
2019,KB,KB5002212,16.0.10387.20008,SharePoint Server 2019,22-Jun,2022-06-01,month,SharedReleaseRow,Microsoft Learn,1,https://learn.microsoft.com/en-us/officeupdates/sharepoint-updates,https://support.microsoft.com/help/5002212,2026-09-24
2019,KB,KB5002206,16.0.10386.20015,SharePoint Server 2019 MUI/language patch,22-May,2022-05-01,month,PackageEntry,Microsoft Learn,1,https://learn.microsoft.com/en-us/officeupdates/sharepoint-updates,https://support.microsoft.com/help/5002206,2026-09-24
2019,KB,KB5002207,16.0.10386.20011,SharePoint Server 2019,22-May,2022-05-01,month,PackageEntry,Microsoft Learn,1,https://learn.microsoft.com/en-us/officeupdates/sharepoint-updates,https://support.microsoft.com/help/5002207,2026-09-24
2019,KB,KB5002164,16.0.10385.20001,SharePoint Server 2019 MUI/language patch,22-Apr,2022-04-01,month,SharedReleaseRow,Microsoft Learn,1,https://learn.microsoft.com/en-us/officeupdates/sharepoint-updates,https://support.microsoft.com/help/5002164,2026-09-24
2019,KB,KB5002180,16.0.10385.20001,SharePoint Server 2019,22-Apr,2022-04-01,month,SharedReleaseRow,Microsoft Learn,1,https://learn.microsoft.com/en-us/officeupdates/sharepoint-updates,https://support.microsoft.com/help/5002180,2026-09-24
2019,KB,KB5002163,16.0.10384.20000,SharePoint Server 2019,22-Mar,2022-03-01,month,PackageEntry,Microsoft Learn,1,https://learn.microsoft.com/en-us/officeupdates/sharepoint-updates,https://support.microsoft.com/help/5002163,2026-09-24
2019,KB,KB5002134,16.0.10383.20001,SharePoint Server 2019 MUI/language patch,22-Feb,2022-02-01,month,SharedReleaseRow,Microsoft Learn,1,https://learn.microsoft.com/en-us/officeupdates/sharepoint-updates,https://support.microsoft.com/help/5002134,2026-09-24
2019,KB,KB5002135,16.0.10383.20001,SharePoint Server 2019,22-Feb,2022-02-01,month,SharedReleaseRow,Microsoft Learn,1,https://learn.microsoft.com/en-us/officeupdates/sharepoint-updates,https://support.microsoft.com/help/5002135,2026-09-24
2019,KB,KB5002108,16.0.10382.20004,SharePoint Server 2019 MUI/language patch,22-Jan,2022-01-01,month,SharedReleaseRow,Microsoft Learn,1,https://learn.microsoft.com/en-us/officeupdates/sharepoint-updates,https://support.microsoft.com/help/5002108,2026-09-24
2019,KB,KB5002109,16.0.10382.20004,SharePoint Server 2019,22-Jan,2022-01-01,month,SharedReleaseRow,Microsoft Learn,1,https://learn.microsoft.com/en-us/officeupdates/sharepoint-updates,https://support.microsoft.com/help/5002109,2026-09-24
2019,KB,KB5002054,16.0.10381.20001,SharePoint Server 2019,21-Dec,2021-12-01,month,SharedReleaseRow,Microsoft Learn,1,https://learn.microsoft.com/en-us/officeupdates/sharepoint-updates,https://support.microsoft.com/help/5002054,2026-09-24
2019,KB,KB5002061,16.0.10381.20001,SharePoint Server 2019 MUI/language patch,21-Dec,2021-12-01,month,SharedReleaseRow,Microsoft Learn,1,https://learn.microsoft.com/en-us/officeupdates/sharepoint-updates,https://support.microsoft.com/help/5002061,2026-09-24
2019,KB,KB5002028,16.0.10379.20000,SharePoint Server 2019,21-Oct,2021-10-01,month,SharedReleaseRow,Microsoft Learn,1,https://learn.microsoft.com/en-us/officeupdates/sharepoint-updates,https://support.microsoft.com/help/5002028,2026-09-24
2019,KB,KB5002034,16.0.10379.20000,SharePoint Server 2019 MUI/language patch,21-Oct,2021-10-01,month,SharedReleaseRow,Microsoft Learn,1,https://learn.microsoft.com/en-us/officeupdates/sharepoint-updates,https://support.microsoft.com/help/5002034,2026-09-24
2019,KB,KB5002018,16.0.10378.20002,SharePoint Server 2019,21-Sep,2021-09-01,month,SharedReleaseRow,Microsoft Learn,1,https://learn.microsoft.com/en-us/officeupdates/sharepoint-updates,https://support.microsoft.com/help/5002018,2026-09-24
2019,KB,KB5002019,16.0.10378.20002,SharePoint Server 2019 MUI/language patch,21-Sep,2021-09-01,month,SharedReleaseRow,Microsoft Learn,1,https://learn.microsoft.com/en-us/officeupdates/sharepoint-updates,https://support.microsoft.com/help/5002019,2026-09-24
2019,KB,KB5002000,16.0.10377.20001,SharePoint Server 2019,21-Aug,2021-08-01,month,SharedReleaseRow,Microsoft Learn,1,https://learn.microsoft.com/en-us/officeupdates/sharepoint-updates,https://support.microsoft.com/help/5002000,2026-09-24
2019,KB,KB5002001,16.0.10377.20001,SharePoint Server 2019 MUI/language patch,21-Aug,2021-08-01,month,SharedReleaseRow,Microsoft Learn,1,https://learn.microsoft.com/en-us/officeupdates/sharepoint-updates,https://support.microsoft.com/help/5002001,2026-09-24
2019,KB,KB5001974,16.0.10376.20001,SharePoint Server 2019 MUI/language patch,21-Jul,2021-07-01,month,SharedReleaseRow,Microsoft Learn,1,https://learn.microsoft.com/en-us/officeupdates/sharepoint-updates,https://support.microsoft.com/help/5001974,2026-09-24
2019,KB,KB5001975,16.0.10376.20001,SharePoint Server 2019,21-Jul,2021-07-01,month,SharedReleaseRow,Microsoft Learn,1,https://learn.microsoft.com/en-us/officeupdates/sharepoint-updates,https://support.microsoft.com/help/5001975,2026-09-24
2019,KB,KB5001944,16.0.10375.20000,SharePoint Server 2019,21-Jun,2021-06-01,month,SharedReleaseRow,Microsoft Learn,1,https://learn.microsoft.com/en-us/officeupdates/sharepoint-updates,https://support.microsoft.com/help/5001944,2026-09-24
2019,KB,KB5001945,16.0.10375.20000,SharePoint Server 2019 MUI/language patch,21-Jun,2021-06-01,month,SharedReleaseRow,Microsoft Learn,1,https://learn.microsoft.com/en-us/officeupdates/sharepoint-updates,https://support.microsoft.com/help/5001945,2026-09-24
2019,KB,KB5001915,16.0.10374.20000,SharePoint Server 2019 MUI/language patch,21-May,2021-05-01,month,SharedReleaseRow,Microsoft Learn,1,https://learn.microsoft.com/en-us/officeupdates/sharepoint-updates,https://support.microsoft.com/help/5001915,2026-09-24
2019,KB,KB5001916,16.0.10374.20000,SharePoint Server 2019,21-May,2021-05-01,month,SharedReleaseRow,Microsoft Learn,1,https://learn.microsoft.com/en-us/officeupdates/sharepoint-updates,https://support.microsoft.com/help/5001916,2026-09-24
2019,KB,KB4504715,16.0.10373.20000,SharePoint Server 2019 MUI/language patch,21-Apr,2021-04-01,month,SharedReleaseRow,Microsoft Learn,1,https://learn.microsoft.com/en-us/officeupdates/sharepoint-updates,https://support.microsoft.com/help/4504715,2026-09-24
2019,KB,KB4504716,16.0.10373.20000,SharePoint Server 2019,21-Apr,2021-04-01,month,SharedReleaseRow,Microsoft Learn,1,https://learn.microsoft.com/en-us/officeupdates/sharepoint-updates,https://support.microsoft.com/help/4504716,2026-09-24
2019,KB,KB4493230,16.0.10372.20060,SharePoint Server 2019,21-Mar,2021-03-01,month,SharedReleaseRow,Microsoft Learn,1,https://learn.microsoft.com/en-us/officeupdates/sharepoint-updates,https://support.microsoft.com/help/4493230,2026-09-24
2019,KB,KB4493231,16.0.10372.20060,SharePoint Server 2019 MUI/language patch,21-Mar,2021-03-01,month,SharedReleaseRow,Microsoft Learn,1,https://learn.microsoft.com/en-us/officeupdates/sharepoint-updates,https://support.microsoft.com/help/4493231,2026-09-24
2019,KB,KB4493193,16.0.10371.20043,SharePoint Server 2019 MUI/language patch,21-Feb,2021-02-01,month,SharedReleaseRow,Microsoft Learn,1,https://learn.microsoft.com/en-us/officeupdates/sharepoint-updates,https://support.microsoft.com/help/4493193,2026-09-24
2019,KB,KB4493194,16.0.10371.20043,SharePoint Server 2019,21-Feb,2021-02-01,month,SharedReleaseRow,Microsoft Learn,1,https://learn.microsoft.com/en-us/officeupdates/sharepoint-updates,https://support.microsoft.com/help/4493194,2026-09-24
2019,KB,KB4493161,16.0.10370.20001,SharePoint Server 2019 MUI/language patch,21-Jan,2021-01-01,month,SharedReleaseRow,Microsoft Learn,1,https://learn.microsoft.com/en-us/officeupdates/sharepoint-updates,https://support.microsoft.com/help/4493161,2026-09-24
2019,KB,KB4493162,16.0.10370.20001,SharePoint Server 2019,21-Jan,2021-01-01,month,SharedReleaseRow,Microsoft Learn,1,https://learn.microsoft.com/en-us/officeupdates/sharepoint-updates,https://support.microsoft.com/help/4493162,2026-09-24
2019,KB,KB4486751,16.0.10369.20000,SharePoint Server 2019,20-Dec,2020-12-01,month,SharedReleaseRow,Microsoft Learn,1,https://learn.microsoft.com/en-us/officeupdates/sharepoint-updates,https://support.microsoft.com/help/4486751,2026-09-24
2019,KB,KB4486752,16.0.10369.20000,SharePoint Server 2019 MUI/language patch,20-Dec,2020-12-01,month,SharedReleaseRow,Microsoft Learn,1,https://learn.microsoft.com/en-us/officeupdates/sharepoint-updates,https://support.microsoft.com/help/4486752,2026-09-24
2019,KB,KB4486714,16.0.10368.20022,SharePoint Server 2019,20-Nov,2020-11-01,month,SharedReleaseRow,Microsoft Learn,1,https://learn.microsoft.com/en-us/officeupdates/sharepoint-updates,https://support.microsoft.com/help/4486714,2026-09-24
2019,KB,KB4486715,16.0.10368.20022,SharePoint Server 2019 MUI/language patch,20-Nov,2020-11-01,month,SharedReleaseRow,Microsoft Learn,1,https://learn.microsoft.com/en-us/officeupdates/sharepoint-updates,https://support.microsoft.com/help/4486715,2026-09-24
2019,KB,KB4486675,16.0.10367.20000,SharePoint Server 2019 MUI/language patch,20-Oct,2020-10-01,month,SharedReleaseRow,Microsoft Learn,1,https://learn.microsoft.com/en-us/officeupdates/sharepoint-updates,https://support.microsoft.com/help/4486675,2026-09-24
2019,KB,KB4486676,16.0.10367.20000,SharePoint Server 2019,20-Oct,2020-10-01,month,SharedReleaseRow,Microsoft Learn,1,https://learn.microsoft.com/en-us/officeupdates/sharepoint-updates,https://support.microsoft.com/help/4486676,2026-09-24
2019,KB,KB4484504,16.0.10366.12106,SharePoint Server 2019 MUI/language patch,20-Sep,2020-09-01,month,SharedReleaseRow,Microsoft Learn,1,https://learn.microsoft.com/en-us/officeupdates/sharepoint-updates,https://support.microsoft.com/help/4484504,2026-09-24
2019,KB,KB4484505,16.0.10366.12106,SharePoint Server 2019,20-Sep,2020-09-01,month,SharedReleaseRow,Microsoft Learn,1,https://learn.microsoft.com/en-us/officeupdates/sharepoint-updates,https://support.microsoft.com/help/4484505,2026-09-24
2019,KB,KB4484471,16.0.10364.20001,SharePoint Server 2019 MUI/language patch,20-Aug,2020-08-01,month,SharedReleaseRow,Microsoft Learn,1,https://learn.microsoft.com/en-us/officeupdates/sharepoint-updates,https://support.microsoft.com/help/4484471,2026-09-24
2019,KB,KB4484472,16.0.10364.20001,SharePoint Server 2019,20-Aug,2020-08-01,month,SharedReleaseRow,Microsoft Learn,1,https://learn.microsoft.com/en-us/officeupdates/sharepoint-updates,https://support.microsoft.com/help/4484472,2026-09-24
2019,KB,KB4484452,16.0.10363.12107,SharePoint Server 2019 MUI/language patch,20-Jul,2020-07-01,month,SharedReleaseRow,Microsoft Learn,1,https://learn.microsoft.com/en-us/officeupdates/sharepoint-updates,https://support.microsoft.com/help/4484452,2026-09-24
2019,KB,KB4484453,16.0.10363.12107,SharePoint Server 2019,20-Jul,2020-07-01,month,SharedReleaseRow,Microsoft Learn,1,https://learn.microsoft.com/en-us/officeupdates/sharepoint-updates,https://support.microsoft.com/help/4484453,2026-09-24
2019,KB,KB4484400,16.0.10361.12114,SharePoint Server 2019,20-Jun,2020-06-01,month,SharedReleaseRow,Microsoft Learn,1,https://learn.microsoft.com/en-us/officeupdates/sharepoint-updates,https://support.microsoft.com/help/4484400,2026-09-24
2019,KB,KB4484404,16.0.10361.12114,SharePoint Server 2019 MUI/language patch,20-Jun,2020-06-01,month,SharedReleaseRow,Microsoft Learn,1,https://learn.microsoft.com/en-us/officeupdates/sharepoint-updates,https://support.microsoft.com/help/4484404,2026-09-24
2019,KB,KB4484331,16.0.10359.20000,SharePoint Server 2019 MUI/language patch,20-May,2020-05-01,month,SharedReleaseRow,Microsoft Learn,1,https://learn.microsoft.com/en-us/officeupdates/sharepoint-updates,https://support.microsoft.com/help/4484331,2026-09-24
2019,KB,KB4484332,16.0.10359.20000,SharePoint Server 2019,20-May,2020-05-01,month,SharedReleaseRow,Microsoft Learn,1,https://learn.microsoft.com/en-us/officeupdates/sharepoint-updates,https://support.microsoft.com/help/4484332,2026-09-24
2019,KB,KB4484291,16.0.10358.20000,SharePoint Server 2019 MUI/language patch,20-Apr,2020-04-01,month,SharedReleaseRow,Microsoft Learn,1,https://learn.microsoft.com/en-us/officeupdates/sharepoint-updates,https://support.microsoft.com/help/4484291,2026-09-24
2019,KB,KB4484292,16.0.10358.20000,SharePoint Server 2019,20-Apr,2020-04-01,month,SharedReleaseRow,Microsoft Learn,1,https://learn.microsoft.com/en-us/officeupdates/sharepoint-updates,https://support.microsoft.com/help/4484292,2026-09-24
2019,KB,KB4484271,16.0.10357.20002,SharePoint Server 2019,20-Mar,2020-03-01,month,SharedReleaseRow,Microsoft Learn,1,https://learn.microsoft.com/en-us/officeupdates/sharepoint-updates,https://support.microsoft.com/help/4484271,2026-09-24
2019,KB,KB4484277,16.0.10357.20002,SharePoint Server 2019 MUI/language patch,20-Mar,2020-03-01,month,SharedReleaseRow,Microsoft Learn,1,https://learn.microsoft.com/en-us/officeupdates/sharepoint-updates,https://support.microsoft.com/help/4484277,2026-09-24
2019,KB,KB4484225,16.0.10355.20000,SharePoint Server 2019 MUI/language patch,20-Feb,2020-02-01,month,SharedReleaseRow,Microsoft Learn,1,https://learn.microsoft.com/en-us/officeupdates/sharepoint-updates,https://support.microsoft.com/help/4484225,2026-09-24
2019,KB,KB4484259,16.0.10355.20000,SharePoint Server 2019,20-Feb,2020-02-01,month,SharedReleaseRow,Microsoft Learn,1,https://learn.microsoft.com/en-us/officeupdates/sharepoint-updates,https://support.microsoft.com/help/4484259,2026-09-24
2019,KB,KB4484224,16.0.10354.20001,SharePoint Server 2019,20-Jan,2020-01-01,month,PackageEntry,Microsoft Learn,1,https://learn.microsoft.com/en-us/officeupdates/sharepoint-updates,https://support.microsoft.com/help/4484224,2026-09-24
2019,KB,KB4484176,16.0.10353.20001,SharePoint Server 2019 MUI/language patch,19-Dec,2019-12-01,month,SharedReleaseRow,Microsoft Learn,1,https://learn.microsoft.com/en-us/officeupdates/sharepoint-updates,https://support.microsoft.com/help/4484176,2026-09-24
2019,KB,KB4484177,16.0.10353.20001,SharePoint Server 2019,19-Dec,2019-12-01,month,SharedReleaseRow,Microsoft Learn,1,https://learn.microsoft.com/en-us/officeupdates/sharepoint-updates,https://support.microsoft.com/help/4484177,2026-09-24
2019,KB,KB4484142,16.0.10352.20000,SharePoint Server 2019,19-Nov,2019-11-01,month,SharedReleaseRow,Microsoft Learn,1,https://learn.microsoft.com/en-us/officeupdates/sharepoint-updates,https://support.microsoft.com/help/4484142,2026-09-24
2019,KB,KB4484149,16.0.10352.20000,SharePoint Server 2019 MUI/language patch,19-Nov,2019-11-01,month,SharedReleaseRow,Microsoft Learn,1,https://learn.microsoft.com/en-us/officeupdates/sharepoint-updates,https://support.microsoft.com/help/4484149,2026-09-24
2019,KB,KB4484109,16.0.10351.20000,SharePoint Server 2019 MUI/language patch,19-Oct,2019-10-01,month,SharedReleaseRow,Microsoft Learn,1,https://learn.microsoft.com/en-us/officeupdates/sharepoint-updates,https://support.microsoft.com/help/4484109,2026-09-24
2019,KB,KB4484110,16.0.10351.20000,SharePoint Server 2019,19-Oct,2019-10-01,month,SharedReleaseRow,Microsoft Learn,1,https://learn.microsoft.com/en-us/officeupdates/sharepoint-updates,https://support.microsoft.com/help/4484110,2026-09-24
2019,KB,KB4464557,16.0.10350.20000,SharePoint Server 2019 MUI/language patch,19-Sep,2019-09-01,month,SharedReleaseRow,Microsoft Learn,1,https://learn.microsoft.com/en-us/officeupdates/sharepoint-updates,https://support.microsoft.com/help/4464557,2026-09-24
2019,KB,KB4475596,16.0.10350.20000,SharePoint Server 2019,19-Sep,2019-09-01,month,SharedReleaseRow,Microsoft Learn,1,https://learn.microsoft.com/en-us/officeupdates/sharepoint-updates,https://support.microsoft.com/help/4475596,2026-09-24
2019,KB,KB4475555,16.0.10349.20000,SharePoint Server 2019,19-Aug,2019-08-01,month,PackageEntry,Microsoft Learn,1,https://learn.microsoft.com/en-us/officeupdates/sharepoint-updates,https://support.microsoft.com/help/4475555,2026-09-24
2019,KB,KB4475529,16.0.10348.12104,SharePoint Server 2019,19-Jul,2019-07-01,month,PackageEntry,Microsoft Learn,1,https://learn.microsoft.com/en-us/officeupdates/sharepoint-updates,https://support.microsoft.com/help/4475529,2026-09-24
2019,KB,KB4475512,16.0.10346.20001,SharePoint Server 2019,19-Jun,2019-06-01,month,PackageEntry,Microsoft Learn,1,https://learn.microsoft.com/en-us/officeupdates/sharepoint-updates,https://support.microsoft.com/help/4475512,2026-09-24
2019,KB,KB4464556,16.0.10345.12101,SharePoint Server 2019,19-May,2019-05-01,month,PackageEntry,Microsoft Learn,1,https://learn.microsoft.com/en-us/officeupdates/sharepoint-updates,https://support.microsoft.com/help/4464556,2026-09-24
2019,KB,KB4462221,16.0.10343.20000,SharePoint Server 2019 MUI/language patch,19-Apr,2019-04-01,month,SharedReleaseRow,Microsoft Learn,1,https://learn.microsoft.com/en-us/officeupdates/sharepoint-updates,https://support.microsoft.com/help/4462221,2026-09-24
2019,KB,KB4464518,16.0.10343.20000,SharePoint Server 2019,19-Apr,2019-04-01,month,SharedReleaseRow,Microsoft Learn,1,https://learn.microsoft.com/en-us/officeupdates/sharepoint-updates,https://support.microsoft.com/help/4464518,2026-09-24
2019,KB,KB4462199,16.0.10342.12113,SharePoint Server 2019,19-Mar,2019-03-01,month,PackageEntry,Microsoft Learn,1,https://learn.microsoft.com/en-us/officeupdates/sharepoint-updates,https://support.microsoft.com/help/4462199,2026-09-24
2019,KB,KB4462170,16.0.10341.20000,SharePoint Server 2019 MUI/language patch,19-Feb,2019-02-01,month,SharedReleaseRow,Microsoft Learn,1,https://learn.microsoft.com/en-us/officeupdates/sharepoint-updates,https://support.microsoft.com/help/4462170,2026-09-24
2019,KB,KB4462171,16.0.10341.20000,SharePoint Server 2019,19-Feb,2019-02-01,month,SharedReleaseRow,Microsoft Learn,1,https://learn.microsoft.com/en-us/officeupdates/sharepoint-updates,https://support.microsoft.com/help/4462171,2026-09-24
2019,KB,KB4461514,16.0.10340.20015,SharePoint Server 2019 MUI/language patch,19-Jan,2019-01-01,month,PackageEntry,Microsoft Learn,1,https://learn.microsoft.com/en-us/officeupdates/sharepoint-updates,https://support.microsoft.com/help/4461514,2026-09-24
2019,KB,KB4461634,16.0.10340.12101,SharePoint Server 2019,19-Jan,2019-01-01,month,PackageEntry,Microsoft Learn,1,https://learn.microsoft.com/en-us/officeupdates/sharepoint-updates,https://support.microsoft.com/help/4461634,2026-09-24
2019,KB,KB4461548,16.0.10339.12102,SharePoint Server 2019,18-Dec,2018-12-01,month,PackageEntry,Microsoft Learn,1,https://learn.microsoft.com/en-us/officeupdates/sharepoint-updates,https://support.microsoft.com/help/4461548,2026-09-24
2019,KB,KB4461513,16.0.10338.12107,SharePoint Server 2019,18-Nov,2018-11-01,month,PackageEntry,Microsoft Learn,1,https://learn.microsoft.com/en-us/officeupdates/sharepoint-updates,https://support.microsoft.com/help/4461513,2026-09-24
2019,Baseline,,16.0.10337.12109,SharePoint Server 2019,RTM,2018-10-22,day,ComponentRow,Build Numbers (community),2,https://buildnumbers.wordpress.com/sharepoint/,,2026-09-24
2016,KB,KB5002905,16.0.5565.1001,SharePoint Server 2016,11-Aug-26,2026-08-11,day,PackageEntry,Microsoft Learn,1,https://learn.microsoft.com/en-us/officeupdates/sharepoint-updates,https://support.microsoft.com/help/5002905,2026-09-24
2016,KB,KB5002906,16.0.5565.1001,SharePoint Server 2016 MUI/language patch,11-Aug-26,2026-08-11,day,PackageEntry,Microsoft Learn,1,https://learn.microsoft.com/en-us/officeupdates/sharepoint-updates,https://support.microsoft.com/help/5002906,2026-09-24
2016,KB,KB5002891,16.0.5561.1001,SharePoint Server 2016,14-Jul-26,2026-07-14,day,PackageEntry,Microsoft Learn,1,https://learn.microsoft.com/en-us/officeupdates/sharepoint-updates,https://support.microsoft.com/help/5002891,2026-09-24
2016,KB,KB5002892,16.0.5561.1001,SharePoint Server 2016 MUI/language patch,14-Jul-26,2026-07-14,day,PackageEntry,Microsoft Learn,1,https://learn.microsoft.com/en-us/officeupdates/sharepoint-updates,https://support.microsoft.com/help/5002892,2026-09-24
2016,KB,KB5002880,16.0.5556.1005,SharePoint Server 2016,9-Jun-26,2026-06-09,day,PackageEntry,Microsoft Learn,1,https://learn.microsoft.com/en-us/officeupdates/sharepoint-updates,https://support.microsoft.com/help/5002880,2026-09-24
2016,KB,KB5002881,16.0.5556.1005,SharePoint Server 2016 MUI/language patch,9-Jun-26,2026-06-09,day,PackageEntry,Microsoft Learn,1,https://learn.microsoft.com/en-us/officeupdates/sharepoint-updates,https://support.microsoft.com/help/5002881,2026-09-24
2016,KB,KB5002868,16.0.5552.1002,SharePoint Server 2016,12-May-26,2026-05-12,day,PackageEntry,Microsoft Learn,1,https://learn.microsoft.com/en-us/officeupdates/sharepoint-updates,https://support.microsoft.com/help/5002868,2026-09-24
2016,KB,KB5002869,16.0.5552.1002,SharePoint Server 2016 MUI/language patch,12-May-26,2026-05-12,day,PackageEntry,Microsoft Learn,1,https://learn.microsoft.com/en-us/officeupdates/sharepoint-updates,https://support.microsoft.com/help/5002869,2026-09-24
2016,KB,KB5002861,16.0.5548.1003,SharePoint Server 2016,14-Apr-26,2026-04-14,day,PackageEntry,Microsoft Learn,1,https://learn.microsoft.com/en-us/officeupdates/sharepoint-updates,https://support.microsoft.com/help/5002861,2026-09-24
2016,KB,KB5002862,16.0.5548.1003,SharePoint Server 2016 MUI/language patch,14-Apr-26,2026-04-14,day,PackageEntry,Microsoft Learn,1,https://learn.microsoft.com/en-us/officeupdates/sharepoint-updates,https://support.microsoft.com/help/5002862,2026-09-24
2016,KB,KB5002850,16.0.5543.1000,SharePoint Server 2016,10-Mar-26,2026-03-10,day,PackageEntry,Microsoft Learn,1,https://learn.microsoft.com/en-us/officeupdates/sharepoint-updates,https://support.microsoft.com/help/5002850,2026-09-24
2016,KB,KB5002851,16.0.5543.1000,SharePoint Server 2016 MUI/language patch,10-Mar-26,2026-03-10,day,PackageEntry,Microsoft Learn,1,https://learn.microsoft.com/en-us/officeupdates/sharepoint-updates,https://support.microsoft.com/help/5002851,2026-09-24
2016,KB,KB5002840,16.0.5539.1002,SharePoint Server 2016 MUI/language patch,10-Feb-26,2026-02-10,day,PackageEntry,Microsoft Learn,1,https://learn.microsoft.com/en-us/officeupdates/sharepoint-updates,https://support.microsoft.com/help/5002840,2026-09-24
2016,KB,KB5002841,16.0.5539.1002,SharePoint Server 2016,10-Feb-26,2026-02-10,day,PackageEntry,Microsoft Learn,1,https://learn.microsoft.com/en-us/officeupdates/sharepoint-updates,https://support.microsoft.com/help/5002841,2026-09-24
2016,KB,KB5002827,16.0.5535.1000,SharePoint Server 2016 MUI/language patch,13-Jan-26,2026-01-13,day,PackageEntry,Microsoft Learn,1,https://learn.microsoft.com/en-us/officeupdates/sharepoint-updates,https://support.microsoft.com/help/5002827,2026-09-24
2016,KB,KB5002828,16.0.5535.1001,SharePoint Server 2016,13-Jan-26,2026-01-13,day,PackageEntry,Microsoft Learn,1,https://learn.microsoft.com/en-us/officeupdates/sharepoint-updates,https://support.microsoft.com/help/5002828,2026-09-24
2016,KB,KB5002804,16.0.5530.1000,SharePoint Server 2016 MUI/language patch,9-Dec-25,2025-12-09,day,PackageEntry,Microsoft Learn,1,https://learn.microsoft.com/en-us/officeupdates/sharepoint-updates,https://support.microsoft.com/help/5002804,2026-09-24
2016,KB,KB5002821,16.0.5530.1000,SharePoint Server 2016,9-Dec-25,2025-12-09,day,PackageEntry,Microsoft Learn,1,https://learn.microsoft.com/en-us/officeupdates/sharepoint-updates,https://support.microsoft.com/help/5002821,2026-09-24
2016,KB,KB5002805,16.0.5526.1001,SharePoint Server 2016,11-Nov-25,2025-11-11,day,PackageEntry,Microsoft Learn,1,https://learn.microsoft.com/en-us/officeupdates/sharepoint-updates,https://support.microsoft.com/help/5002805,2026-09-24
2016,KB,KB5002787,16.0.5522.1000,SharePoint Server 2016 MUI/language patch,14-Oct-25,2025-10-14,day,PackageEntry,Microsoft Learn,1,https://learn.microsoft.com/en-us/officeupdates/sharepoint-updates,https://support.microsoft.com/help/5002787,2026-09-24
2016,KB,KB5002788,16.0.5522.1000,SharePoint Server 2016,14-Oct-25,2025-10-14,day,PackageEntry,Microsoft Learn,1,https://learn.microsoft.com/en-us/officeupdates/sharepoint-updates,https://support.microsoft.com/help/5002788,2026-09-24
2016,KB,KB5002777,16.0.5517.1000,SharePoint Server 2016 MUI/language patch,9-Sep-25,2025-09-09,day,PackageEntry,Microsoft Learn,1,https://learn.microsoft.com/en-us/officeupdates/sharepoint-updates,https://support.microsoft.com/help/5002777,2026-09-24
2016,KB,KB5002778,16.0.5517.1000,SharePoint Server 2016,9-Sep-25,2025-09-09,day,PackageEntry,Microsoft Learn,1,https://learn.microsoft.com/en-us/officeupdates/sharepoint-updates,https://support.microsoft.com/help/5002778,2026-09-24
2016,KB,KB5002771,16.0.5513.1002,SharePoint Server 2016,12-Aug-25,2025-08-12,day,PackageEntry,Microsoft Learn,1,https://learn.microsoft.com/en-us/officeupdates/sharepoint-updates,https://support.microsoft.com/help/5002771,2026-09-24
2016,KB,KB5002772,16.0.5513.1002,SharePoint Server 2016 MUI/language patch,12-Aug-25,2025-08-12,day,PackageEntry,Microsoft Learn,1,https://learn.microsoft.com/en-us/officeupdates/sharepoint-updates,https://support.microsoft.com/help/5002772,2026-09-24
2016,KB,KB5002759,16.0.5513.1001,SharePoint Server 2016 MUI/language patch,21-Jul-25,2025-07-21,day,PackageEntry,Microsoft Learn,1,https://learn.microsoft.com/en-us/officeupdates/sharepoint-updates,https://support.microsoft.com/help/5002759,2026-09-24
2016,KB,KB5002760,16.0.5513.1001,SharePoint Server 2016,21-Jul-25,2025-07-21,day,PackageEntry,Microsoft Learn,1,https://learn.microsoft.com/en-us/officeupdates/sharepoint-updates,https://support.microsoft.com/help/5002760,2026-09-24
2016,KB,KB5002743,16.0.5508.1000,SharePoint Server 2016 MUI/language patch,8-Jul-25,2025-07-08,day,PackageEntry,Microsoft Learn,1,https://learn.microsoft.com/en-us/officeupdates/sharepoint-updates,https://support.microsoft.com/help/5002743,2026-09-24
2016,KB,KB5002744,16.0.5508.1000,SharePoint Server 2016,8-Jul-25,2025-07-08,day,PackageEntry,Microsoft Learn,1,https://learn.microsoft.com/en-us/officeupdates/sharepoint-updates,https://support.microsoft.com/help/5002744,2026-09-24
2016,KB,KB5002731,16.0.5504.1001,SharePoint Server 2016 MUI/language patch,25-Jun,2025-06-01,month,PackageEntry,Microsoft Learn,1,https://learn.microsoft.com/en-us/officeupdates/sharepoint-updates,https://support.microsoft.com/help/5002731,2026-09-24
2016,KB,KB5002732,16.0.5504.1001,SharePoint Server 2016,25-Jun,2025-06-01,month,PackageEntry,Microsoft Learn,1,https://learn.microsoft.com/en-us/officeupdates/sharepoint-updates,https://support.microsoft.com/help/5002732,2026-09-24
2016,KB,KB5002712,16.0.5500.1001,SharePoint Server 2016 MUI/language patch,25-May,2025-05-01,month,PackageEntry,Microsoft Learn,1,https://learn.microsoft.com/en-us/officeupdates/sharepoint-updates,https://support.microsoft.com/help/5002712,2026-09-24
2016,KB,KB5002722,16.0.5500.1001,SharePoint Server 2016,25-May,2025-05-01,month,PackageEntry,Microsoft Learn,1,https://learn.microsoft.com/en-us/officeupdates/sharepoint-updates,https://support.microsoft.com/help/5002722,2026-09-24
2016,KB,KB5002682,16.0.5495.1002,SharePoint Server 2016 MUI/language patch,25-Apr,2025-04-01,month,PackageEntry,Microsoft Learn,1,https://learn.microsoft.com/en-us/officeupdates/sharepoint-updates,https://support.microsoft.com/help/5002682,2026-09-24
2016,KB,KB5002692,16.0.5495.1002,SharePoint Server 2016,25-Apr,2025-04-01,month,PackageEntry,Microsoft Learn,1,https://learn.microsoft.com/en-us/officeupdates/sharepoint-updates,https://support.microsoft.com/help/5002692,2026-09-24
2016,KB,KB5002685,16.0.5487.1000,SharePoint Server 2016,25-Feb,2025-02-01,month,PackageEntry,Microsoft Learn,1,https://learn.microsoft.com/en-us/officeupdates/sharepoint-updates,https://support.microsoft.com/help/5002685,2026-09-24
2016,KB,KB5002671,16.0.5483.1001,SharePoint Server 2016 MUI/language patch,25-Jan,2025-01-01,month,PackageEntry,Microsoft Learn,1,https://learn.microsoft.com/en-us/officeupdates/sharepoint-updates,https://support.microsoft.com/help/5002671,2026-09-24
2016,KB,KB5002672,16.0.5483.1001,SharePoint Server 2016,25-Jan,2025-01-01,month,PackageEntry,Microsoft Learn,1,https://learn.microsoft.com/en-us/officeupdates/sharepoint-updates,https://support.microsoft.com/help/5002672,2026-09-24
2016,KB,KB5002544,16.0.5478.1000,SharePoint Server 2016 MUI/language patch,24-Dec,2024-12-01,month,PackageEntry,Microsoft Learn,1,https://learn.microsoft.com/en-us/officeupdates/sharepoint-updates,https://support.microsoft.com/help/5002544,2026-09-24
2016,KB,KB5002659,16.0.5478.1000,SharePoint Server 2016,24-Dec,2024-12-01,month,PackageEntry,Microsoft Learn,1,https://learn.microsoft.com/en-us/officeupdates/sharepoint-updates,https://support.microsoft.com/help/5002659,2026-09-24
2016,KB,KB5002654,16.0.5474.1001,SharePoint Server 2016,24-Nov,2024-11-01,month,PackageEntry,Microsoft Learn,1,https://learn.microsoft.com/en-us/officeupdates/sharepoint-updates,https://support.microsoft.com/help/5002654,2026-09-24
2016,KB,KB5002645,16.0.5469.1000,SharePoint Server 2016,24-Oct,2024-10-01,month,PackageEntry,Microsoft Learn,1,https://learn.microsoft.com/en-us/officeupdates/sharepoint-updates,https://support.microsoft.com/help/5002645,2026-09-24
2016,KB,KB5002624,16.0.5465.1001,SharePoint Server 2016,24-Sep,2024-09-01,month,PackageEntry,Microsoft Learn,1,https://learn.microsoft.com/en-us/officeupdates/sharepoint-updates,https://support.microsoft.com/help/5002624,2026-09-24
2016,KB,KB5002618,16.0.5456.1000,SharePoint Server 2016,24-Jul,2024-07-01,month,PackageEntry,Microsoft Learn,1,https://learn.microsoft.com/en-us/officeupdates/sharepoint-updates,https://support.microsoft.com/help/5002618,2026-09-24
2016,KB,KB5002604,16.0.5452.1000,SharePoint Server 2016,24-Jun,2024-06-01,month,PackageEntry,Microsoft Learn,1,https://learn.microsoft.com/en-us/officeupdates/sharepoint-updates,https://support.microsoft.com/help/5002604,2026-09-24
2016,KB,KB5002598,16.0.5448.1000,SharePoint Server 2016,24-May,2024-05-01,month,PackageEntry,Microsoft Learn,1,https://learn.microsoft.com/en-us/officeupdates/sharepoint-updates,https://support.microsoft.com/help/5002598,2026-09-24
2016,KB,KB5002583,16.0.5443.1000,SharePoint Server 2016,24-Apr,2024-04-01,month,PackageEntry,Microsoft Learn,1,https://learn.microsoft.com/en-us/officeupdates/sharepoint-updates,https://support.microsoft.com/help/5002583,2026-09-24
2016,KB,KB5002559,16.0.5439.1000,SharePoint Server 2016,24-Mar,2024-03-01,month,PackageEntry,Microsoft Learn,1,https://learn.microsoft.com/en-us/officeupdates/sharepoint-updates,https://support.microsoft.com/help/5002559,2026-09-24
2016,KB,KB5002541,16.0.5430.1000,SharePoint Server 2016,24-Jan,2024-01-01,month,PackageEntry,Microsoft Learn,1,https://learn.microsoft.com/en-us/officeupdates/sharepoint-updates,https://support.microsoft.com/help/5002541,2026-09-24
2016,KB,KB5002524,16.0.5426.1000,SharePoint Server 2016 MUI/language patch,23-Dec,2023-12-01,month,PackageEntry,Microsoft Learn,1,https://learn.microsoft.com/en-us/officeupdates/sharepoint-updates,https://support.microsoft.com/help/5002524,2026-09-24
2016,KB,KB5002535,16.0.5426.1001,SharePoint Server 2016,23-Dec,2023-12-01,month,PackageEntry,Microsoft Learn,1,https://learn.microsoft.com/en-us/officeupdates/sharepoint-updates,https://support.microsoft.com/help/5002535,2026-09-24
2016,KB,KB5002517,16.0.5422.1000,SharePoint Server 2016,23-Nov,2023-11-01,month,PackageEntry,Microsoft Learn,1,https://learn.microsoft.com/en-us/officeupdates/sharepoint-updates,https://support.microsoft.com/help/5002517,2026-09-24
2016,KB,KB5002494,16.0.5413.1001,SharePoint Server 2016,23-Sep,2023-09-01,month,PackageEntry,Microsoft Learn,1,https://learn.microsoft.com/en-us/officeupdates/sharepoint-updates,https://support.microsoft.com/help/5002494,2026-09-24
2016,KB,KB5002501,16.0.5413.1000,SharePoint Server 2016 MUI/language patch,23-Sep,2023-09-01,month,PackageEntry,Microsoft Learn,1,https://learn.microsoft.com/en-us/officeupdates/sharepoint-updates,https://support.microsoft.com/help/5002501,2026-09-24
2016,KB,KB5002398,16.0.5408.1000,SharePoint Server 2016 MUI/language patch,23-Aug,2023-08-01,month,SharedReleaseRow,Microsoft Learn,1,https://learn.microsoft.com/en-us/officeupdates/sharepoint-updates,https://support.microsoft.com/help/5002398,2026-09-24
2016,KB,KB5002453,16.0.5408.1000,SharePoint Server 2016,23-Aug,2023-08-01,month,SharedReleaseRow,Microsoft Learn,1,https://learn.microsoft.com/en-us/officeupdates/sharepoint-updates,https://support.microsoft.com/help/5002453,2026-09-24
2016,KB,KB5002425,16.0.5404.1000,SharePoint Server 2016,23-Jul,2023-07-01,month,PackageEntry,Microsoft Learn,1,https://learn.microsoft.com/en-us/officeupdates/sharepoint-updates,https://support.microsoft.com/help/5002425,2026-09-24
2016,KB,KB5002404,16.0.5400.1001,SharePoint Server 2016,23-Jun,2023-06-01,month,PackageEntry,Microsoft Learn,1,https://learn.microsoft.com/en-us/officeupdates/sharepoint-updates,https://support.microsoft.com/help/5002404,2026-09-24
2016,KB,KB5002397,16.0.5395.1000,SharePoint Server 2016,23-May,2023-05-01,month,PackageEntry,Microsoft Learn,1,https://learn.microsoft.com/en-us/officeupdates/sharepoint-updates,https://support.microsoft.com/help/5002397,2026-09-24
2016,KB,KB5002370,16.0.5391.1000,SharePoint Server 2016 MUI/language patch,23-Apr,2023-04-01,month,SharedReleaseRow,Microsoft Learn,1,https://learn.microsoft.com/en-us/officeupdates/sharepoint-updates,https://support.microsoft.com/help/5002370,2026-09-24
2016,KB,KB5002385,16.0.5391.1000,SharePoint Server 2016,23-Apr,2023-04-01,month,SharedReleaseRow,Microsoft Learn,1,https://learn.microsoft.com/en-us/officeupdates/sharepoint-updates,https://support.microsoft.com/help/5002385,2026-09-24
2016,KB,KB5002368,16.0.5387.1000,SharePoint Server 2016,23-Mar,2023-03-01,month,PackageEntry,Microsoft Learn,1,https://learn.microsoft.com/en-us/officeupdates/sharepoint-updates,https://support.microsoft.com/help/5002368,2026-09-24
2016,KB,KB5002325,16.0.5383.1000,SharePoint Server 2016 MUI/language patch,23-Feb,2023-02-01,month,SharedReleaseRow,Microsoft Learn,1,https://learn.microsoft.com/en-us/officeupdates/sharepoint-updates,https://support.microsoft.com/help/5002325,2026-09-24
2016,KB,KB5002350,16.0.5383.1000,SharePoint Server 2016,23-Feb,2023-02-01,month,SharedReleaseRow,Microsoft Learn,1,https://learn.microsoft.com/en-us/officeupdates/sharepoint-updates,https://support.microsoft.com/help/5002350,2026-09-24
2016,KB,KB5002338,16.0.5378.1000,SharePoint Server 2016,23-Jan,2023-01-01,month,PackageEntry,Microsoft Learn,1,https://learn.microsoft.com/en-us/officeupdates/sharepoint-updates,https://support.microsoft.com/help/5002338,2026-09-24
2016,KB,KB5002321,16.0.5374.1000,SharePoint Server 2016,22-Dec,2022-12-01,month,PackageEntry,Microsoft Learn,1,https://learn.microsoft.com/en-us/officeupdates/sharepoint-updates,https://support.microsoft.com/help/5002321,2026-09-24
2016,KB,KB5002289,16.0.5369.1000,SharePoint Server 2016 MUI/language patch,22-Nov,2022-11-01,month,SharedReleaseRow,Microsoft Learn,1,https://learn.microsoft.com/en-us/officeupdates/sharepoint-updates,https://support.microsoft.com/help/5002289,2026-09-24
2016,KB,KB5002305,16.0.5369.1000,SharePoint Server 2016,22-Nov,2022-11-01,month,SharedReleaseRow,Microsoft Learn,1,https://learn.microsoft.com/en-us/officeupdates/sharepoint-updates,https://support.microsoft.com/help/5002305,2026-09-24
2016,KB,KB5002287,16.0.5365.1000,SharePoint Server 2016,22-Oct,2022-10-01,month,PackageEntry,Microsoft Learn,1,https://learn.microsoft.com/en-us/officeupdates/sharepoint-updates,https://support.microsoft.com/help/5002287,2026-09-24
2016,KB,KB5002142,16.0.5361.1000,SharePoint Server 2016 MUI/language patch,22-Sep,2022-09-01,month,PackageEntry,Microsoft Learn,1,https://learn.microsoft.com/en-us/officeupdates/sharepoint-updates,https://support.microsoft.com/help/5002142,2026-09-24
2016,KB,KB5002269,16.0.5361.1002,SharePoint Server 2016,22-Sep,2022-09-01,month,PackageEntry,Microsoft Learn,1,https://learn.microsoft.com/en-us/officeupdates/sharepoint-updates,https://support.microsoft.com/help/5002269,2026-09-24
2016,KB,KB5002249,16.0.5356.1000,SharePoint Server 2016,22-Aug,2022-08-01,month,PackageEntry,Microsoft Learn,1,https://learn.microsoft.com/en-us/officeupdates/sharepoint-updates,https://support.microsoft.com/help/5002249,2026-09-24
2016,KB,KB5002231,16.0.5344.1000,SharePoint Server 2016,22-Jul,2022-07-01,month,PackageEntry,Microsoft Learn,1,https://learn.microsoft.com/en-us/officeupdates/sharepoint-updates,https://support.microsoft.com/help/5002231,2026-09-24
2016,KB,KB5002222,16.0.5332.1001,SharePoint Server 2016,22-Jun,2022-06-01,month,PackageEntry,Microsoft Learn,1,https://learn.microsoft.com/en-us/officeupdates/sharepoint-updates,https://support.microsoft.com/help/5002222,2026-09-24
2016,KB,KB5002195,16.0.5317.1000,SharePoint Server 2016,22-May,2022-05-01,month,PackageEntry,Microsoft Learn,1,https://learn.microsoft.com/en-us/officeupdates/sharepoint-updates,https://support.microsoft.com/help/5002195,2026-09-24
2016,KB,KB5002183,16.0.5305.1000,SharePoint Server 2016,22-Apr,2022-04-01,month,PackageEntry,Microsoft Learn,1,https://learn.microsoft.com/en-us/officeupdates/sharepoint-updates,https://support.microsoft.com/help/5002183,2026-09-24
2016,KB,KB5002176,16.0.5290.1000,SharePoint Server 2016,22-Mar,2022-03-01,month,PackageEntry,Microsoft Learn,1,https://learn.microsoft.com/en-us/officeupdates/sharepoint-updates,https://support.microsoft.com/help/5002176,2026-09-24
2016,KB,KB5002136,16.0.5278.1000,SharePoint Server 2016,22-Feb,2022-02-01,month,PackageEntry,Microsoft Learn,1,https://learn.microsoft.com/en-us/officeupdates/sharepoint-updates,https://support.microsoft.com/help/5002136,2026-09-24
2016,KB,KB5002113,16.0.5266.1000,SharePoint Server 2016,22-Jan,2022-01-01,month,SharedReleaseRow,Microsoft Learn,1,https://learn.microsoft.com/en-us/officeupdates/sharepoint-updates,https://support.microsoft.com/help/5002113,2026-09-24
2016,KB,KB5002118,16.0.5266.1000,SharePoint Server 2016 MUI/language patch,22-Jan,2022-01-01,month,SharedReleaseRow,Microsoft Learn,1,https://learn.microsoft.com/en-us/officeupdates/sharepoint-updates,https://support.microsoft.com/help/5002118,2026-09-24
2016,KB,KB5002055,16.0.5254.1000,SharePoint Server 2016,21-Dec,2021-12-01,month,SharedReleaseRow,Microsoft Learn,1,https://learn.microsoft.com/en-us/officeupdates/sharepoint-updates,https://support.microsoft.com/help/5002055,2026-09-24
2016,KB,KB5002059,16.0.5254.1000,SharePoint Server 2016 MUI/language patch,21-Dec,2021-12-01,month,SharedReleaseRow,Microsoft Learn,1,https://learn.microsoft.com/en-us/officeupdates/sharepoint-updates,https://support.microsoft.com/help/5002059,2026-09-24
2016,KB,KB5002006,16.0.5227.1000,SharePoint Server 2016 MUI/language patch,21-Oct,2021-10-01,month,SharedReleaseRow,Microsoft Learn,1,https://learn.microsoft.com/en-us/officeupdates/sharepoint-updates,https://support.microsoft.com/help/5002006,2026-09-24
2016,KB,KB5002029,16.0.5227.1000,SharePoint Server 2016,21-Oct,2021-10-01,month,SharedReleaseRow,Microsoft Learn,1,https://learn.microsoft.com/en-us/officeupdates/sharepoint-updates,https://support.microsoft.com/help/5002029,2026-09-24
2016,KB,KB5002020,16.0.5215.1000,SharePoint Server 2016,21-Sep,2021-09-01,month,PackageEntry,Microsoft Learn,1,https://learn.microsoft.com/en-us/officeupdates/sharepoint-updates,https://support.microsoft.com/help/5002020,2026-09-24
2016,KB,KB5002002,16.0.5200.1000,SharePoint Server 2016,21-Aug,2021-08-01,month,PackageEntry,Microsoft Learn,1,https://learn.microsoft.com/en-us/officeupdates/sharepoint-updates,https://support.microsoft.com/help/5002002,2026-09-24
2016,KB,KB5001976,16.0.5188.1000,SharePoint Server 2016,21-Jul,2021-07-01,month,SharedReleaseRow,Microsoft Learn,1,https://learn.microsoft.com/en-us/officeupdates/sharepoint-updates,https://support.microsoft.com/help/5001976,2026-09-24
2016,KB,KB5001981,16.0.5188.1000,SharePoint Server 2016 MUI/language patch,21-Jul,2021-07-01,month,SharedReleaseRow,Microsoft Learn,1,https://learn.microsoft.com/en-us/officeupdates/sharepoint-updates,https://support.microsoft.com/help/5001981,2026-09-24
2016,KB,KB5001922,16.0.5173.1000,SharePoint Server 2016 MUI/language patch,21-Jun,2021-06-01,month,SharedReleaseRow,Microsoft Learn,1,https://learn.microsoft.com/en-us/officeupdates/sharepoint-updates,https://support.microsoft.com/help/5001922,2026-09-24
2016,KB,KB5001946,16.0.5173.1000,SharePoint Server 2016,21-Jun,2021-06-01,month,SharedReleaseRow,Microsoft Learn,1,https://learn.microsoft.com/en-us/officeupdates/sharepoint-updates,https://support.microsoft.com/help/5001946,2026-09-24
2016,KB,KB5001917,16.0.5161.1000,SharePoint Server 2016,21-May,2021-05-01,month,PackageEntry,Microsoft Learn,1,https://learn.microsoft.com/en-us/officeupdates/sharepoint-updates,https://support.microsoft.com/help/5001917,2026-09-24
2016,KB,KB4504719,16.0.5149.1000,SharePoint Server 2016,21-Apr,2021-04-01,month,SharedReleaseRow,Microsoft Learn,1,https://learn.microsoft.com/en-us/officeupdates/sharepoint-updates,https://support.microsoft.com/help/4504719,2026-09-24
2016,KB,KB4504723,16.0.5149.1000,SharePoint Server 2016 MUI/language patch,21-Apr,2021-04-01,month,SharedReleaseRow,Microsoft Learn,1,https://learn.microsoft.com/en-us/officeupdates/sharepoint-updates,https://support.microsoft.com/help/4504723,2026-09-24
2016,KB,KB4493199,16.0.5134.1001,SharePoint Server 2016 MUI/language patch,21-Mar,2021-03-01,month,SharedReleaseRow,Microsoft Learn,1,https://learn.microsoft.com/en-us/officeupdates/sharepoint-updates,https://support.microsoft.com/help/4493199,2026-09-24
2016,KB,KB4493232,16.0.5134.1001,SharePoint Server 2016,21-Mar,2021-03-01,month,SharedReleaseRow,Microsoft Learn,1,https://learn.microsoft.com/en-us/officeupdates/sharepoint-updates,https://support.microsoft.com/help/4493232,2026-09-24
2016,KB,KB4493195,16.0.5122.1000,SharePoint Server 2016,21-Feb,2021-02-01,month,PackageEntry,Microsoft Learn,1,https://learn.microsoft.com/en-us/officeupdates/sharepoint-updates,https://support.microsoft.com/help/4493195,2026-09-24
2016,KB,KB4493163,16.0.5110.1000,SharePoint Server 2016,21-Jan,2021-01-01,month,SharedReleaseRow,Microsoft Learn,1,https://learn.microsoft.com/en-us/officeupdates/sharepoint-updates,https://support.microsoft.com/help/4493163,2026-09-24
2016,KB,KB4493167,16.0.5110.1000,SharePoint Server 2016 MUI/language patch,21-Jan,2021-01-01,month,SharedReleaseRow,Microsoft Learn,1,https://learn.microsoft.com/en-us/officeupdates/sharepoint-updates,https://support.microsoft.com/help/4493167,2026-09-24
2016,KB,KB4486721,16.0.5095.1000,SharePoint Server 2016 MUI/language patch,20-Dec,2020-12-01,month,SharedReleaseRow,Microsoft Learn,1,https://learn.microsoft.com/en-us/officeupdates/sharepoint-updates,https://support.microsoft.com/help/4486721,2026-09-24
2016,KB,KB4486753,16.0.5095.1000,SharePoint Server 2016,20-Dec,2020-12-01,month,SharedReleaseRow,Microsoft Learn,1,https://learn.microsoft.com/en-us/officeupdates/sharepoint-updates,https://support.microsoft.com/help/4486753,2026-09-24
2016,KB,KB4486717,16.0.5083.1000,SharePoint Server 2016,20-Nov,2020-11-01,month,PackageEntry,Microsoft Learn,1,https://learn.microsoft.com/en-us/officeupdates/sharepoint-updates,https://support.microsoft.com/help/4486717,2026-09-24
2016,KB,KB4486677,16.0.5071.1000,SharePoint Server 2016,20-Oct,2020-10-01,month,SharedReleaseRow,Microsoft Learn,1,https://learn.microsoft.com/en-us/officeupdates/sharepoint-updates,https://support.microsoft.com/help/4486677,2026-09-24
2016,KB,KB4486681,16.0.5071.1000,SharePoint Server 2016 MUI/language patch,20-Oct,2020-10-01,month,SharedReleaseRow,Microsoft Learn,1,https://learn.microsoft.com/en-us/officeupdates/sharepoint-updates,https://support.microsoft.com/help/4486681,2026-09-24
2016,KB,KB4484506,16.0.5056.1001,SharePoint Server 2016,20-Sep,2020-09-01,month,PackageEntry,Microsoft Learn,1,https://learn.microsoft.com/en-us/officeupdates/sharepoint-updates,https://support.microsoft.com/help/4484506,2026-09-24
2016,KB,KB4484512,16.0.5056.1000,SharePoint Server 2016 MUI/language patch,20-Sep,2020-09-01,month,PackageEntry,Microsoft Learn,1,https://learn.microsoft.com/en-us/officeupdates/sharepoint-updates,https://support.microsoft.com/help/4484512,2026-09-24
2016,KB,KB4484473,16.0.5044.1000,SharePoint Server 2016,20-Aug,2020-08-01,month,SharedReleaseRow,Microsoft Learn,1,https://learn.microsoft.com/en-us/officeupdates/sharepoint-updates,https://support.microsoft.com/help/4484473,2026-09-24
2016,KB,KB4484476,16.0.5044.1000,SharePoint Server 2016 MUI/language patch,20-Aug,2020-08-01,month,SharedReleaseRow,Microsoft Learn,1,https://learn.microsoft.com/en-us/officeupdates/sharepoint-updates,https://support.microsoft.com/help/4484476,2026-09-24
2016,KB,KB4484436,16.0.5032.1002,SharePoint Server 2016,20-Jul,2020-07-01,month,SharedReleaseRow,Microsoft Learn,1,https://learn.microsoft.com/en-us/officeupdates/sharepoint-updates,https://support.microsoft.com/help/4484436,2026-09-24
2016,KB,KB4484440,16.0.5032.1002,SharePoint Server 2016 MUI/language patch,20-Jul,2020-07-01,month,SharedReleaseRow,Microsoft Learn,1,https://learn.microsoft.com/en-us/officeupdates/sharepoint-updates,https://support.microsoft.com/help/4484440,2026-09-24
2016,KB,KB4484344,16.0.5017.1001,SharePoint Server 2016 MUI/language patch,20-Jun,2020-06-01,month,SharedReleaseRow,Microsoft Learn,1,https://learn.microsoft.com/en-us/officeupdates/sharepoint-updates,https://support.microsoft.com/help/4484344,2026-09-24
2016,KB,KB4484402,16.0.5017.1001,SharePoint Server 2016,20-Jun,2020-06-01,month,SharedReleaseRow,Microsoft Learn,1,https://learn.microsoft.com/en-us/officeupdates/sharepoint-updates,https://support.microsoft.com/help/4484402,2026-09-24
2016,KB,KB4484336,16.0.5005.1000,SharePoint Server 2016,20-May,2020-05-01,month,PackageEntry,Microsoft Learn,1,https://learn.microsoft.com/en-us/officeupdates/sharepoint-updates,https://support.microsoft.com/help/4484336,2026-09-24
2016,KB,KB4484299,16.0.4993.1000,SharePoint Server 2016,20-Apr,2020-04-01,month,SharedReleaseRow,Microsoft Learn,1,https://learn.microsoft.com/en-us/officeupdates/sharepoint-updates,https://support.microsoft.com/help/4484299,2026-09-24
2016,KB,KB4484301,16.0.4993.1000,SharePoint Server 2016 MUI/language patch,20-Apr,2020-04-01,month,SharedReleaseRow,Microsoft Learn,1,https://learn.microsoft.com/en-us/officeupdates/sharepoint-updates,https://support.microsoft.com/help/4484301,2026-09-24
2016,KB,KB4484272,16.0.4978.1000,SharePoint Server 2016,20-Mar,2020-03-01,month,SharedReleaseRow,Microsoft Learn,1,https://learn.microsoft.com/en-us/officeupdates/sharepoint-updates,https://support.microsoft.com/help/4484272,2026-09-24
2016,KB,KB4484275,16.0.4978.1000,SharePoint Server 2016 MUI/language patch,20-Mar,2020-03-01,month,SharedReleaseRow,Microsoft Learn,1,https://learn.microsoft.com/en-us/officeupdates/sharepoint-updates,https://support.microsoft.com/help/4484275,2026-09-24
2016,KB,KB4484255,16.0.4966.1000,SharePoint Server 2016,20-Feb,2020-02-01,month,SharedReleaseRow,Microsoft Learn,1,https://learn.microsoft.com/en-us/officeupdates/sharepoint-updates,https://support.microsoft.com/help/4484255,2026-09-24
2016,KB,KB4484257,16.0.4966.1000,SharePoint Server 2016 MUI/language patch,20-Feb,2020-02-01,month,SharedReleaseRow,Microsoft Learn,1,https://learn.microsoft.com/en-us/officeupdates/sharepoint-updates,https://support.microsoft.com/help/4484257,2026-09-24
2016,KB,KB4484215,16.0.4954.1000,SharePoint Server 2016,20-Jan,2020-01-01,month,SharedReleaseRow,Microsoft Learn,1,https://learn.microsoft.com/en-us/officeupdates/sharepoint-updates,https://support.microsoft.com/help/4484215,2026-09-24
2016,KB,KB4484220,16.0.4954.1000,SharePoint Server 2016 MUI/language patch,20-Jan,2020-01-01,month,SharedReleaseRow,Microsoft Learn,1,https://learn.microsoft.com/en-us/officeupdates/sharepoint-updates,https://support.microsoft.com/help/4484220,2026-09-24
2016,KB,KB4484178,16.0.4939.1000,SharePoint Server 2016,19-Dec,2019-12-01,month,SharedReleaseRow,Microsoft Learn,1,https://learn.microsoft.com/en-us/officeupdates/sharepoint-updates,https://support.microsoft.com/help/4484178,2026-09-24
2016,KB,KB4484181,16.0.4939.1000,SharePoint Server 2016 MUI/language patch,19-Dec,2019-12-01,month,SharedReleaseRow,Microsoft Learn,1,https://learn.microsoft.com/en-us/officeupdates/sharepoint-updates,https://support.microsoft.com/help/4484181,2026-09-24
2016,KB,KB4484143,16.0.4927.1000,SharePoint Server 2016,19-Nov,2019-11-01,month,SharedReleaseRow,Microsoft Learn,1,https://learn.microsoft.com/en-us/officeupdates/sharepoint-updates,https://support.microsoft.com/help/4484143,2026-09-24
2016,KB,KB4484147,16.0.4927.1000,SharePoint Server 2016 MUI/language patch,19-Nov,2019-11-01,month,SharedReleaseRow,Microsoft Learn,1,https://learn.microsoft.com/en-us/officeupdates/sharepoint-updates,https://support.microsoft.com/help/4484147,2026-09-24
2016,KB,KB4484111,16.0.4912.1000,SharePoint Server 2016,19-Oct,2019-10-01,month,SharedReleaseRow,Microsoft Learn,1,https://learn.microsoft.com/en-us/officeupdates/sharepoint-updates,https://support.microsoft.com/help/4484111,2026-09-24
2016,KB,KB4484115,16.0.4912.1000,SharePoint Server 2016 MUI/language patch,19-Oct,2019-10-01,month,SharedReleaseRow,Microsoft Learn,1,https://learn.microsoft.com/en-us/officeupdates/sharepoint-updates,https://support.microsoft.com/help/4484115,2026-09-24
2016,KB,KB4475590,16.0.4900.1000,SharePoint Server 2016,19-Sep,2019-09-01,month,SharedReleaseRow,Microsoft Learn,1,https://learn.microsoft.com/en-us/officeupdates/sharepoint-updates,https://support.microsoft.com/help/4475590,2026-09-24
2016,KB,KB4475594,16.0.4900.1000,SharePoint Server 2016 MUI/language patch,19-Sep,2019-09-01,month,SharedReleaseRow,Microsoft Learn,1,https://learn.microsoft.com/en-us/officeupdates/sharepoint-updates,https://support.microsoft.com/help/4475594,2026-09-24
2016,KB,KB4464553,16.0.4888.1000,SharePoint Server 2016 MUI/language patch,19-Aug,2019-08-01,month,SharedReleaseRow,Microsoft Learn,1,https://learn.microsoft.com/en-us/officeupdates/sharepoint-updates,https://support.microsoft.com/help/4464553,2026-09-24
2016,KB,KB4475549,16.0.4888.1000,SharePoint Server 2016,19-Aug,2019-08-01,month,SharedReleaseRow,Microsoft Learn,1,https://learn.microsoft.com/en-us/officeupdates/sharepoint-updates,https://support.microsoft.com/help/4475549,2026-09-24
2016,KB,KB4475520,16.0.4873.1000,SharePoint Server 2016,19-Jul,2019-07-01,month,PackageEntry,Microsoft Learn,1,https://learn.microsoft.com/en-us/officeupdates/sharepoint-updates,https://support.microsoft.com/help/4475520,2026-09-24
2016,KB,KB4464594,16.0.4861.1000,SharePoint Server 2016,19-Jun,2019-06-01,month,PackageEntry,Microsoft Learn,1,https://learn.microsoft.com/en-us/officeupdates/sharepoint-updates,https://support.microsoft.com/help/4464594,2026-09-24
2016,KB,KB4464549,16.0.4849.1000,SharePoint Server 2016,19-May,2019-05-01,month,PackageEntry,Microsoft Learn,1,https://learn.microsoft.com/en-us/officeupdates/sharepoint-updates,https://support.microsoft.com/help/4464549,2026-09-24
2016,KB,KB4461507,16.0.4834.1000,SharePoint Server 2016 MUI/language patch,19-Apr,2019-04-01,month,SharedReleaseRow,Microsoft Learn,1,https://learn.microsoft.com/en-us/officeupdates/sharepoint-updates,https://support.microsoft.com/help/4461507,2026-09-24
2016,KB,KB4464510,16.0.4834.1000,SharePoint Server 2016,19-Apr,2019-04-01,month,SharedReleaseRow,Microsoft Learn,1,https://learn.microsoft.com/en-us/officeupdates/sharepoint-updates,https://support.microsoft.com/help/4464510,2026-09-24
2016,KB,KB4462211,16.0.4822.1001,SharePoint Server 2016,19-Mar,2019-03-01,month,PackageEntry,Microsoft Learn,1,https://learn.microsoft.com/en-us/officeupdates/sharepoint-updates,https://support.microsoft.com/help/4462211,2026-09-24
2016,KB,KB4462155,16.0.4810.1000,SharePoint Server 2016,19-Feb,2019-02-01,month,PackageEntry,Microsoft Learn,1,https://learn.microsoft.com/en-us/officeupdates/sharepoint-updates,https://support.microsoft.com/help/4462155,2026-09-24
2016,KB,KB4461598,16.0.4795.1001,SharePoint Server 2016,19-Jan,2019-01-01,month,PackageEntry,Microsoft Learn,1,https://learn.microsoft.com/en-us/officeupdates/sharepoint-updates,https://support.microsoft.com/help/4461598,2026-09-24
2016,KB,KB4461541,16.0.4783.1000,SharePoint Server 2016,18-Dec,2018-12-01,month,PackageEntry,Microsoft Learn,1,https://learn.microsoft.com/en-us/officeupdates/sharepoint-updates,https://support.microsoft.com/help/4461541,2026-09-24
2016,KB,KB4461501,16.0.4771.1000,SharePoint Server 2016,18-Nov,2018-11-01,month,PackageEntry,Microsoft Learn,1,https://learn.microsoft.com/en-us/officeupdates/sharepoint-updates,https://support.microsoft.com/help/4461501,2026-09-24
2016,KB,KB4092463,16.0.4756.1000,SharePoint Server 2016 MUI/language patch,18-Oct,2018-10-01,month,SharedReleaseRow,Microsoft Learn,1,https://learn.microsoft.com/en-us/officeupdates/sharepoint-updates,https://support.microsoft.com/help/4092463,2026-09-24
2016,KB,KB4461447,16.0.4756.1000,SharePoint Server 2016,18-Oct,2018-10-01,month,SharedReleaseRow,Microsoft Learn,1,https://learn.microsoft.com/en-us/officeupdates/sharepoint-updates,https://support.microsoft.com/help/4461447,2026-09-24
2016,KB,KB4092459,16.0.4744.1000,SharePoint Server 2016,18-Sep,2018-09-01,month,PackageEntry,Microsoft Learn,1,https://learn.microsoft.com/en-us/officeupdates/sharepoint-updates,https://support.microsoft.com/help/4092459,2026-09-24
2016,KB,KB4022231,16.0.4732.1001,SharePoint Server 2016 MUI/language patch,18-Aug,2018-08-01,month,PackageEntry,Microsoft Learn,1,https://learn.microsoft.com/en-us/officeupdates/sharepoint-updates,https://support.microsoft.com/help/4022231,2026-09-24
2016,KB,KB4032256,16.0.4732.1000,SharePoint Server 2016,18-Aug,2018-08-01,month,PackageEntry,Microsoft Learn,1,https://learn.microsoft.com/en-us/officeupdates/sharepoint-updates,https://support.microsoft.com/help/4032256,2026-09-24
2016,KB,KB4022228,16.0.4717.1000,SharePoint Server 2016,18-Jul,2018-07-01,month,PackageEntry,Microsoft Learn,1,https://learn.microsoft.com/en-us/officeupdates/sharepoint-updates,https://support.microsoft.com/help/4022228,2026-09-24
2016,KB,KB4022173,16.0.4705.1000,SharePoint Server 2016,18-Jun,2018-06-01,month,SharedReleaseRow,Microsoft Learn,1,https://learn.microsoft.com/en-us/officeupdates/sharepoint-updates,https://support.microsoft.com/help/4022173,2026-09-24
2016,KB,KB4022178,16.0.4705.1000,SharePoint Server 2016 MUI/language patch,18-Jun,2018-06-01,month,SharedReleaseRow,Microsoft Learn,1,https://learn.microsoft.com/en-us/officeupdates/sharepoint-updates,https://support.microsoft.com/help/4022178,2026-09-24
2016,KB,KB4018381,16.0.4690.1000,SharePoint Server 2016,18-May,2018-05-01,month,SharedReleaseRow,Microsoft Learn,1,https://learn.microsoft.com/en-us/officeupdates/sharepoint-updates,https://support.microsoft.com/help/4018381,2026-09-24
2016,KB,KB4018386,16.0.4690.1000,SharePoint Server 2016 MUI/language patch,18-May,2018-05-01,month,SharedReleaseRow,Microsoft Learn,1,https://learn.microsoft.com/en-us/officeupdates/sharepoint-updates,https://support.microsoft.com/help/4018386,2026-09-24
2016,KB,KB4018336,16.0.4678.1001,SharePoint Server 2016,18-Apr,2018-04-01,month,PackageEntry,Microsoft Learn,1,https://learn.microsoft.com/en-us/officeupdates/sharepoint-updates,https://support.microsoft.com/help/4018336,2026-09-24
2016,KB,KB4018340,16.0.4678.1000,SharePoint Server 2016 MUI/language patch,18-Apr,2018-04-01,month,PackageEntry,Microsoft Learn,1,https://learn.microsoft.com/en-us/officeupdates/sharepoint-updates,https://support.microsoft.com/help/4018340,2026-09-24
2016,KB,KB4011687,16.0.4666.1000,SharePoint Server 2016 MUI/language patch,18-Mar,2018-03-01,month,PackageEntry,Microsoft Learn,1,https://learn.microsoft.com/en-us/officeupdates/sharepoint-updates,https://support.microsoft.com/help/4011687,2026-09-24
2016,KB,KB4018293,16.0.4666.1002,SharePoint Server 2016,18-Mar,2018-03-01,month,PackageEntry,Microsoft Learn,1,https://learn.microsoft.com/en-us/officeupdates/sharepoint-updates,https://support.microsoft.com/help/4018293,2026-09-24
2016,KB,KB4011680,16.0.4654.1000,SharePoint Server 2016,18-Feb,2018-02-01,month,PackageEntry,Microsoft Learn,1,https://learn.microsoft.com/en-us/officeupdates/sharepoint-updates,https://support.microsoft.com/help/4011680,2026-09-24
2016,KB,KB4011642,16.0.4639.1002,SharePoint Server 2016,18-Jan,2018-01-01,month,PackageEntry,Microsoft Learn,1,https://learn.microsoft.com/en-us/officeupdates/sharepoint-updates,https://support.microsoft.com/help/4011642,2026-09-24
2016,KB,KB4011645,16.0.4639.1001,SharePoint Server 2016 MUI/language patch,18-Jan,2018-01-01,month,PackageEntry,Microsoft Learn,1,https://learn.microsoft.com/en-us/officeupdates/sharepoint-updates,https://support.microsoft.com/help/4011645,2026-09-24
2016,KB,KB4011576,16.0.4627.1000,SharePoint Server 2016,17-Dec,2017-12-01,month,SharedReleaseRow,Microsoft Learn,1,https://learn.microsoft.com/en-us/officeupdates/sharepoint-updates,https://support.microsoft.com/help/4011576,2026-09-24
2016,KB,KB4011578,16.0.4627.1000,SharePoint Server 2016 MUI/language patch,17-Dec,2017-12-01,month,SharedReleaseRow,Microsoft Learn,1,https://learn.microsoft.com/en-us/officeupdates/sharepoint-updates,https://support.microsoft.com/help/4011578,2026-09-24
2016,KB,KB4011243,16.0.4615.1000,SharePoint Server 2016 MUI/language patch,17-Nov,2017-11-01,month,SharedReleaseRow,Microsoft Learn,1,https://learn.microsoft.com/en-us/officeupdates/sharepoint-updates,https://support.microsoft.com/help/4011243,2026-09-24
2016,KB,KB4011244,16.0.4615.1000,SharePoint Server 2016,17-Nov,2017-11-01,month,SharedReleaseRow,Microsoft Learn,1,https://learn.microsoft.com/en-us/officeupdates/sharepoint-updates,https://support.microsoft.com/help/4011244,2026-09-24
2016,KB,KB4011161,16.0.4600.1000,SharePoint Server 2016 MUI/language patch,17-Oct,2017-10-01,month,PackageEntry,Microsoft Learn,1,https://learn.microsoft.com/en-us/officeupdates/sharepoint-updates,https://support.microsoft.com/help/4011161,2026-09-24
2016,KB,KB4011217,16.0.4600.1002,SharePoint Server 2016,17-Oct,2017-10-01,month,PackageEntry,Microsoft Learn,1,https://learn.microsoft.com/en-us/officeupdates/sharepoint-updates,https://support.microsoft.com/help/4011217,2026-09-24
2016,KB,KB4011112,16.0.4588.1000,SharePoint Server 2016 MUI/language patch,17-Sep,2017-09-01,month,PackageEntry,Microsoft Learn,1,https://learn.microsoft.com/en-us/officeupdates/sharepoint-updates,https://support.microsoft.com/help/4011112,2026-09-24
2016,KB,KB4011127,16.0.4588.1001,SharePoint Server 2016,17-Sep,2017-09-01,month,PackageEntry,Microsoft Learn,1,https://learn.microsoft.com/en-us/officeupdates/sharepoint-updates,https://support.microsoft.com/help/4011127,2026-09-24
2016,KB,KB4011049,16.0.4573.1002,SharePoint Server 2016,17-Aug,2017-08-01,month,PackageEntry,Microsoft Learn,1,https://learn.microsoft.com/en-us/officeupdates/sharepoint-updates,https://support.microsoft.com/help/4011049,2026-09-24
2016,KB,KB4011053,16.0.4573.1000,SharePoint Server 2016 MUI/language patch,17-Aug,2017-08-01,month,PackageEntry,Microsoft Learn,1,https://learn.microsoft.com/en-us/officeupdates/sharepoint-updates,https://support.microsoft.com/help/4011053,2026-09-24
2016,KB,KB3213543,16.0.4561.1000,SharePoint Server 2016 MUI/language patch,17-Jul,2017-07-01,month,SharedReleaseRow,Microsoft Learn,1,https://learn.microsoft.com/en-us/officeupdates/sharepoint-updates,https://support.microsoft.com/help/3213543,2026-09-24
2016,KB,KB3213544,16.0.4561.1000,SharePoint Server 2016,17-Jul,2017-07-01,month,SharedReleaseRow,Microsoft Learn,1,https://learn.microsoft.com/en-us/officeupdates/sharepoint-updates,https://support.microsoft.com/help/3213544,2026-09-24
2016,KB,KB3203432,16.0.4549.1001,SharePoint Server 2016,17-Jun,2017-06-01,month,PackageEntry,Microsoft Learn,1,https://learn.microsoft.com/en-us/officeupdates/sharepoint-updates,https://support.microsoft.com/help/3203432,2026-09-24
2016,KB,KB3203433,16.0.4549.1000,SharePoint Server 2016 MUI/language patch,17-Jun,2017-06-01,month,PackageEntry,Microsoft Learn,1,https://learn.microsoft.com/en-us/officeupdates/sharepoint-updates,https://support.microsoft.com/help/3203433,2026-09-24
2016,KB,KB3191880,16.0.4534.1000,SharePoint Server 2016,17-May,2017-05-01,month,SharedReleaseRow,Microsoft Learn,1,https://learn.microsoft.com/en-us/officeupdates/sharepoint-updates,https://support.microsoft.com/help/3191880,2026-09-24
2016,KB,KB3191884,16.0.4534.1000,SharePoint Server 2016 MUI/language patch,17-May,2017-05-01,month,SharedReleaseRow,Microsoft Learn,1,https://learn.microsoft.com/en-us/officeupdates/sharepoint-updates,https://support.microsoft.com/help/3191884,2026-09-24
2016,KB,KB3178718,16.0.4522.1000,SharePoint Server 2016,17-Apr,2017-04-01,month,SharedReleaseRow,Microsoft Learn,1,https://learn.microsoft.com/en-us/officeupdates/sharepoint-updates,https://support.microsoft.com/help/3178718,2026-09-24
2016,KB,KB3178721,16.0.4522.1000,SharePoint Server 2016 MUI/language patch,17-Apr,2017-04-01,month,SharedReleaseRow,Microsoft Learn,1,https://learn.microsoft.com/en-us/officeupdates/sharepoint-updates,https://support.microsoft.com/help/3178721,2026-09-24
2016,KB,KB3178672,16.0.4510.1001,SharePoint Server 2016,17-Mar,2017-03-01,month,SharedReleaseRow,Microsoft Learn,1,https://learn.microsoft.com/en-us/officeupdates/sharepoint-updates,https://support.microsoft.com/help/3178672,2026-09-24
2016,KB,KB3178675,16.0.4510.1001,SharePoint Server 2016 MUI/language patch,17-Mar,2017-03-01,month,SharedReleaseRow,Microsoft Learn,1,https://learn.microsoft.com/en-us/officeupdates/sharepoint-updates,https://support.microsoft.com/help/3178675,2026-09-24
2016,KB,KB3141515,16.0.4498.1002,SharePoint Server 2016,17-Feb,2017-02-01,month,SharedReleaseRow,Microsoft Learn,1,https://learn.microsoft.com/en-us/officeupdates/sharepoint-updates,https://support.microsoft.com/help/3141515,2026-09-24
2016,KB,KB3141517,16.0.4498.1002,SharePoint Server 2016 MUI/language patch,17-Feb,2017-02-01,month,SharedReleaseRow,Microsoft Learn,1,https://learn.microsoft.com/en-us/officeupdates/sharepoint-updates,https://support.microsoft.com/help/3141517,2026-09-24
2016,KB,KB3141486,16.0.4483.1001,SharePoint Server 2016,17-Jan,2017-01-01,month,SharedReleaseRow,Microsoft Learn,1,https://learn.microsoft.com/en-us/officeupdates/sharepoint-updates,https://support.microsoft.com/help/3141486,2026-09-24
2016,KB,KB3141487,16.0.4483.1001,SharePoint Server 2016 MUI/language patch,17-Jan,2017-01-01,month,SharedReleaseRow,Microsoft Learn,1,https://learn.microsoft.com/en-us/officeupdates/sharepoint-updates,https://support.microsoft.com/help/3141487,2026-09-24
2016,KB,KB3128014,16.0.4471.1000,SharePoint Server 2016,16-Dec,2016-12-01,month,SharedReleaseRow,Microsoft Learn,1,https://learn.microsoft.com/en-us/officeupdates/sharepoint-updates,https://support.microsoft.com/help/3128014,2026-09-24
2016,KB,KB3128017,16.0.4471.1000,SharePoint Server 2016 MUI/language patch,16-Dec,2016-12-01,month,SharedReleaseRow,Microsoft Learn,1,https://learn.microsoft.com/en-us/officeupdates/sharepoint-updates,https://support.microsoft.com/help/3128017,2026-09-24
2016,KB,KB3127940,16.0.4456.1002,SharePoint Server 2016,16-Nov,2016-11-01,month,SharedReleaseRow,Microsoft Learn,1,https://learn.microsoft.com/en-us/officeupdates/sharepoint-updates,https://support.microsoft.com/help/3127940,2026-09-24
2016,KB,KB3127942,16.0.4456.1002,SharePoint Server 2016 MUI/language patch,16-Nov,2016-11-01,month,SharedReleaseRow,Microsoft Learn,1,https://learn.microsoft.com/en-us/officeupdates/sharepoint-updates,https://support.microsoft.com/help/3127942,2026-09-24
2016,KB,KB3118372,16.0.4444.1004,SharePoint Server 2016,16-Oct,2016-10-01,month,PackageEntry,Microsoft Learn,1,https://learn.microsoft.com/en-us/officeupdates/sharepoint-updates,https://support.microsoft.com/help/3118372,2026-09-24
2016,KB,KB3118376,16.0.4444.1000,SharePoint Server 2016 MUI/language patch,16-Oct,2016-10-01,month,PackageEntry,Microsoft Learn,1,https://learn.microsoft.com/en-us/officeupdates/sharepoint-updates,https://support.microsoft.com/help/3118376,2026-09-24
2016,KB,KB3118289,16.0.4432.1003,SharePoint Server 2016,16-Sep,2016-09-01,month,SharedReleaseRow,Microsoft Learn,1,https://learn.microsoft.com/en-us/officeupdates/sharepoint-updates,https://support.microsoft.com/help/3118289,2026-09-24
2016,KB,KB3118295,16.0.4432.1003,SharePoint Server 2016 MUI/language patch,16-Sep,2016-09-01,month,SharedReleaseRow,Microsoft Learn,1,https://learn.microsoft.com/en-us/officeupdates/sharepoint-updates,https://support.microsoft.com/help/3118295,2026-09-24
2016,KB,KB3115437,16.0.4417.1002,SharePoint Server 2016,16-Aug,2016-08-01,month,PackageEntry,Microsoft Learn,1,https://learn.microsoft.com/en-us/officeupdates/sharepoint-updates,https://support.microsoft.com/help/3115437,2026-09-24
2016,KB,KB3115441,16.0.4417.1000,SharePoint Server 2016 MUI/language patch,16-Aug,2016-08-01,month,PackageEntry,Microsoft Learn,1,https://learn.microsoft.com/en-us/officeupdates/sharepoint-updates,https://support.microsoft.com/help/3115441,2026-09-24
2016,KB,KB3115299,16.0.4405.1001,SharePoint Server 2016,16-Jul,2016-07-01,month,PackageEntry,Microsoft Learn,1,https://learn.microsoft.com/en-us/officeupdates/sharepoint-updates,https://support.microsoft.com/help/3115299,2026-09-24
2016,KB,KB3115304,16.0.4405.1000,SharePoint Server 2016 MUI/language patch,16-Jul,2016-07-01,month,PackageEntry,Microsoft Learn,1,https://learn.microsoft.com/en-us/officeupdates/sharepoint-updates,https://support.microsoft.com/help/3115304,2026-09-24
2016,KB,KB3115181,16.0.4393.1000,SharePoint Server 2016,16-Jun,2016-06-01,month,SharedReleaseRow,Microsoft Learn,1,https://learn.microsoft.com/en-us/officeupdates/sharepoint-updates,https://support.microsoft.com/help/3115181,2026-09-24
2016,KB,KB3115184,16.0.4393.1000,SharePoint Server 2016 MUI/language patch,16-Jun,2016-06-01,month,SharedReleaseRow,Microsoft Learn,1,https://learn.microsoft.com/en-us/officeupdates/sharepoint-updates,https://support.microsoft.com/help/3115184,2026-09-24
2016,KB,KB2920690,16.0.4378.1000,SharePoint Server 2016 MUI/language patch,16-May,2016-05-01,month,SharedReleaseRow,Microsoft Learn,1,https://learn.microsoft.com/en-us/officeupdates/sharepoint-updates,https://support.microsoft.com/help/2920690,2026-09-24
2016,KB,KB3115088,16.0.4378.1000,SharePoint Server 2016,16-May,2016-05-01,month,SharedReleaseRow,Microsoft Learn,1,https://learn.microsoft.com/en-us/officeupdates/sharepoint-updates,https://support.microsoft.com/help/3115088,2026-09-24
2016,KB,KB2920721,16.0.4366.1000,SharePoint Server 2016,16-Apr,2016-04-01,month,PackageEntry,Microsoft Learn,1,https://learn.microsoft.com/en-us/officeupdates/sharepoint-updates,https://support.microsoft.com/help/2920721,2026-09-24
2016,Baseline,,16.0.4351.1000,SharePoint Server 2016,RTM,2016-03-14,day,ComponentRow,Build Numbers (community),2,https://buildnumbers.wordpress.com/sharepoint/,,2026-09-24
2013,KB,KB5002379,15.0.5545.1000,SharePoint Foundation 2013,23-Apr,2023-04-01,month,SharedReleaseRow,Microsoft Learn,1,https://learn.microsoft.com/en-us/officeupdates/sharepoint-updates,https://support.microsoft.com/help/5002379,2026-09-24
2013,KB,KB5002381,15.0.5545.1000,SharePoint Server 2013,23-Apr,2023-04-01,month,SharedReleaseRow,Microsoft Learn,1,https://learn.microsoft.com/en-us/officeupdates/sharepoint-updates,https://support.microsoft.com/help/5002381,2026-09-24
2013,KB,KB5002363,15.0.5537.1000,SharePoint Foundation 2013,23-Mar,2023-03-01,month,SharedReleaseRow,Microsoft Learn,1,https://learn.microsoft.com/en-us/officeupdates/sharepoint-updates,https://support.microsoft.com/help/5002363,2026-09-24
2013,KB,KB5002366,15.0.5537.1000,SharePoint Server 2013,23-Mar,2023-03-01,month,SharedReleaseRow,Microsoft Learn,1,https://learn.microsoft.com/en-us/officeupdates/sharepoint-updates,https://support.microsoft.com/help/5002366,2026-09-24
2013,KB,KB5002344,15.0.5529.1000,SharePoint Foundation 2013,23-Feb,2023-02-01,month,SharedReleaseRow,Microsoft Learn,1,https://learn.microsoft.com/en-us/officeupdates/sharepoint-updates,https://support.microsoft.com/help/5002344,2026-09-24
2013,KB,KB5002346,15.0.5529.1000,SharePoint Server 2013,23-Feb,2023-02-01,month,SharedReleaseRow,Microsoft Learn,1,https://learn.microsoft.com/en-us/officeupdates/sharepoint-updates,https://support.microsoft.com/help/5002346,2026-09-24
2013,KB,KB5002333,15.0.5519.1000,SharePoint Foundation 2013,23-Jan,2023-01-01,month,SharedReleaseRow,Microsoft Learn,1,https://learn.microsoft.com/en-us/officeupdates/sharepoint-updates,https://support.microsoft.com/help/5002333,2026-09-24
2013,KB,KB5002335,15.0.5519.1000,SharePoint Server 2013,23-Jan,2023-01-01,month,SharedReleaseRow,Microsoft Learn,1,https://learn.microsoft.com/en-us/officeupdates/sharepoint-updates,https://support.microsoft.com/help/5002335,2026-09-24
2013,KB,KB5002314,15.0.5511.1000,SharePoint Foundation 2013,22-Dec,2022-12-01,month,SharedReleaseRow,Microsoft Learn,1,https://learn.microsoft.com/en-us/officeupdates/sharepoint-updates,https://support.microsoft.com/help/5002314,2026-09-24
2013,KB,KB5002317,15.0.5511.1000,SharePoint Server 2013,22-Dec,2022-12-01,month,SharedReleaseRow,Microsoft Learn,1,https://learn.microsoft.com/en-us/officeupdates/sharepoint-updates,https://support.microsoft.com/help/5002317,2026-09-24
2013,KB,KB5002300,15.0.5501.1000,SharePoint Foundation 2013,22-Nov,2022-11-01,month,SharedReleaseRow,Microsoft Learn,1,https://learn.microsoft.com/en-us/officeupdates/sharepoint-updates,https://support.microsoft.com/help/5002300,2026-09-24
2013,KB,KB5002302,15.0.5501.1000,SharePoint Server 2013,22-Nov,2022-11-01,month,SharedReleaseRow,Microsoft Learn,1,https://learn.microsoft.com/en-us/officeupdates/sharepoint-updates,https://support.microsoft.com/help/5002302,2026-09-24
2013,KB,KB5002281,15.0.5493.1000,SharePoint Foundation 2013,22-Oct,2022-10-01,month,SharedReleaseRow,Microsoft Learn,1,https://learn.microsoft.com/en-us/officeupdates/sharepoint-updates,https://support.microsoft.com/help/5002281,2026-09-24
2013,KB,KB5002283,15.0.5493.1000,SharePoint Server 2013,22-Oct,2022-10-01,month,SharedReleaseRow,Microsoft Learn,1,https://learn.microsoft.com/en-us/officeupdates/sharepoint-updates,https://support.microsoft.com/help/5002283,2026-09-24
2013,KB,KB5002262,15.0.5485.1000,SharePoint Foundation 2013,22-Sep,2022-09-01,month,SharedReleaseRow,Microsoft Learn,1,https://learn.microsoft.com/en-us/officeupdates/sharepoint-updates,https://support.microsoft.com/help/5002262,2026-09-24
2013,KB,KB5002264,15.0.5485.1000,SharePoint Server 2013,22-Sep,2022-09-01,month,SharedReleaseRow,Microsoft Learn,1,https://learn.microsoft.com/en-us/officeupdates/sharepoint-updates,https://support.microsoft.com/help/5002264,2026-09-24
2013,KB,KB5002238,15.0.5475.1000,SharePoint Foundation 2013,22-Aug,2022-08-01,month,SharedReleaseRow,Microsoft Learn,1,https://learn.microsoft.com/en-us/officeupdates/sharepoint-updates,https://support.microsoft.com/help/5002238,2026-09-24
2013,KB,KB5002240,15.0.5475.1000,SharePoint Server 2013,22-Aug,2022-08-01,month,SharedReleaseRow,Microsoft Learn,1,https://learn.microsoft.com/en-us/officeupdates/sharepoint-updates,https://support.microsoft.com/help/5002240,2026-09-24
2013,KB,KB5002215,15.0.5459.1001,SharePoint Foundation 2013,22-Jun,2022-06-01,month,SharedReleaseRow,Microsoft Learn,1,https://learn.microsoft.com/en-us/officeupdates/sharepoint-updates,https://support.microsoft.com/help/5002215,2026-09-24
2013,KB,KB5002218,15.0.5459.1001,SharePoint Server 2013,22-Jun,2022-06-01,month,SharedReleaseRow,Microsoft Learn,1,https://learn.microsoft.com/en-us/officeupdates/sharepoint-updates,https://support.microsoft.com/help/5002218,2026-09-24
2013,KB,KB5002200,15.0.5449.1000,SharePoint Foundation 2013,22-May,2022-05-01,month,SharedReleaseRow,Microsoft Learn,1,https://learn.microsoft.com/en-us/officeupdates/sharepoint-updates,https://support.microsoft.com/help/5002200,2026-09-24
2013,KB,KB5002202,15.0.5449.1000,SharePoint Server 2013,22-May,2022-05-01,month,SharedReleaseRow,Microsoft Learn,1,https://learn.microsoft.com/en-us/officeupdates/sharepoint-updates,https://support.microsoft.com/help/5002202,2026-09-24
2013,KB,KB5002185,15.0.5441.1000,SharePoint Foundation 2013,22-Apr,2022-04-01,month,SharedReleaseRow,Microsoft Learn,1,https://learn.microsoft.com/en-us/officeupdates/sharepoint-updates,https://support.microsoft.com/help/5002185,2026-09-24
2013,KB,KB5002188,15.0.5441.1000,SharePoint Server 2013,22-Apr,2022-04-01,month,SharedReleaseRow,Microsoft Learn,1,https://learn.microsoft.com/en-us/officeupdates/sharepoint-updates,https://support.microsoft.com/help/5002188,2026-09-24
2013,KB,KB5002170,15.0.5431.1000,SharePoint Foundation 2013,22-Mar,2022-03-01,month,SharedReleaseRow,Microsoft Learn,1,https://learn.microsoft.com/en-us/officeupdates/sharepoint-updates,https://support.microsoft.com/help/5002170,2026-09-24
2013,KB,KB5002172,15.0.5431.1000,SharePoint Server 2013,22-Mar,2022-03-01,month,SharedReleaseRow,Microsoft Learn,1,https://learn.microsoft.com/en-us/officeupdates/sharepoint-updates,https://support.microsoft.com/help/5002172,2026-09-24
2013,KB,KB5002150,15.0.5423.1000,SharePoint Foundation 2013,22-Feb,2022-02-01,month,SharedReleaseRow,Microsoft Learn,1,https://learn.microsoft.com/en-us/officeupdates/sharepoint-updates,https://support.microsoft.com/help/5002150,2026-09-24
2013,KB,KB5002154,15.0.5423.1000,SharePoint Server 2013,22-Feb,2022-02-01,month,SharedReleaseRow,Microsoft Learn,1,https://learn.microsoft.com/en-us/officeupdates/sharepoint-updates,https://support.microsoft.com/help/5002154,2026-09-24
2013,KB,KB5002123,15.0.5415.1000,SharePoint Foundation 2013,22-Jan,2022-01-01,month,SharedReleaseRow,Microsoft Learn,1,https://learn.microsoft.com/en-us/officeupdates/sharepoint-updates,https://support.microsoft.com/help/5002123,2026-09-24
2013,KB,KB5002126,15.0.5415.1000,SharePoint Server 2013,22-Jan,2022-01-01,month,SharedReleaseRow,Microsoft Learn,1,https://learn.microsoft.com/en-us/officeupdates/sharepoint-updates,https://support.microsoft.com/help/5002126,2026-09-24
2013,KB,KB5002066,15.0.5407.1000,SharePoint Foundation 2013,21-Dec,2021-12-01,month,SharedReleaseRow,Microsoft Learn,1,https://learn.microsoft.com/en-us/officeupdates/sharepoint-updates,https://support.microsoft.com/help/5002066,2026-09-24
2013,KB,KB5002070,15.0.5407.1000,SharePoint Server 2013,21-Dec,2021-12-01,month,SharedReleaseRow,Microsoft Learn,1,https://learn.microsoft.com/en-us/officeupdates/sharepoint-updates,https://support.microsoft.com/help/5002070,2026-09-24
2013,KB,KB5002037,15.0.5389.1000,SharePoint Foundation 2013,21-Oct,2021-10-01,month,SharedReleaseRow,Microsoft Learn,1,https://learn.microsoft.com/en-us/officeupdates/sharepoint-updates,https://support.microsoft.com/help/5002037,2026-09-24
2013,KB,KB5002040,15.0.5389.1000,SharePoint Server 2013,21-Oct,2021-10-01,month,SharedReleaseRow,Microsoft Learn,1,https://learn.microsoft.com/en-us/officeupdates/sharepoint-updates,https://support.microsoft.com/help/5002040,2026-09-24
2013,KB,KB5002021,15.0.5381.1000,SharePoint Foundation 2013,21-Sep,2021-09-01,month,SharedReleaseRow,Microsoft Learn,1,https://learn.microsoft.com/en-us/officeupdates/sharepoint-updates,https://support.microsoft.com/help/5002021,2026-09-24
2013,KB,KB5002023,15.0.5381.1000,SharePoint Server 2013,21-Sep,2021-09-01,month,SharedReleaseRow,Microsoft Learn,1,https://learn.microsoft.com/en-us/officeupdates/sharepoint-updates,https://support.microsoft.com/help/5002023,2026-09-24
2013,KB,KB5002010,15.0.5371.1000,SharePoint Foundation 2013,21-Aug,2021-08-01,month,SharedReleaseRow,Microsoft Learn,1,https://learn.microsoft.com/en-us/officeupdates/sharepoint-updates,https://support.microsoft.com/help/5002010,2026-09-24
2013,KB,KB5002012,15.0.5371.1000,SharePoint Server 2013,21-Aug,2021-08-01,month,SharedReleaseRow,Microsoft Learn,1,https://learn.microsoft.com/en-us/officeupdates/sharepoint-updates,https://support.microsoft.com/help/5002012,2026-09-24
2013,KB,KB5001987,15.0.5363.1000,SharePoint Foundation 2013,21-Jul,2021-07-01,month,SharedReleaseRow,Microsoft Learn,1,https://learn.microsoft.com/en-us/officeupdates/sharepoint-updates,https://support.microsoft.com/help/5001987,2026-09-24
2013,KB,KB5001989,15.0.5363.1000,SharePoint Server 2013,21-Jul,2021-07-01,month,SharedReleaseRow,Microsoft Learn,1,https://learn.microsoft.com/en-us/officeupdates/sharepoint-updates,https://support.microsoft.com/help/5001989,2026-09-24
2013,KB,KB5001957,15.0.5353.1000,SharePoint Foundation 2013,21-Jun,2021-06-01,month,SharedReleaseRow,Microsoft Learn,1,https://learn.microsoft.com/en-us/officeupdates/sharepoint-updates,https://support.microsoft.com/help/5001957,2026-09-24
2013,KB,KB5001961,15.0.5353.1000,SharePoint Server 2013,21-Jun,2021-06-01,month,SharedReleaseRow,Microsoft Learn,1,https://learn.microsoft.com/en-us/officeupdates/sharepoint-updates,https://support.microsoft.com/help/5001961,2026-09-24
2013,KB,KB5001929,15.0.5345.1000,SharePoint Foundation 2013,21-May,2021-05-01,month,SharedReleaseRow,Microsoft Learn,1,https://learn.microsoft.com/en-us/officeupdates/sharepoint-updates,https://support.microsoft.com/help/5001929,2026-09-24
2013,KB,KB5001933,15.0.5345.1000,SharePoint Server 2013,21-May,2021-05-01,month,SharedReleaseRow,Microsoft Learn,1,https://learn.microsoft.com/en-us/officeupdates/sharepoint-updates,https://support.microsoft.com/help/5001933,2026-09-24
2013,KB,KB4504730,15.0.5337.1000,SharePoint Foundation 2013,21-Apr,2021-04-01,month,SharedReleaseRow,Microsoft Learn,1,https://learn.microsoft.com/en-us/officeupdates/sharepoint-updates,https://support.microsoft.com/help/4504730,2026-09-24
2013,KB,KB4504732,15.0.5337.1000,SharePoint Server 2013,21-Apr,2021-04-01,month,SharedReleaseRow,Microsoft Learn,1,https://learn.microsoft.com/en-us/officeupdates/sharepoint-updates,https://support.microsoft.com/help/4504732,2026-09-24
2013,KB,KB4493235,15.0.5327.1001,SharePoint Foundation 2013,21-Mar,2021-03-01,month,SharedReleaseRow,Microsoft Learn,1,https://learn.microsoft.com/en-us/officeupdates/sharepoint-updates,https://support.microsoft.com/help/4493235,2026-09-24
2013,KB,KB4493237,15.0.5327.1001,SharePoint Server 2013,21-Mar,2021-03-01,month,SharedReleaseRow,Microsoft Learn,1,https://learn.microsoft.com/en-us/officeupdates/sharepoint-updates,https://support.microsoft.com/help/4493237,2026-09-24
2013,KB,KB4493205,15.0.5319.1000,SharePoint Foundation 2013,21-Feb,2021-02-01,month,SharedReleaseRow,Microsoft Learn,1,https://learn.microsoft.com/en-us/officeupdates/sharepoint-updates,https://support.microsoft.com/help/4493205,2026-09-24
2013,KB,KB4493209,15.0.5319.1000,SharePoint Server 2013,21-Feb,2021-02-01,month,SharedReleaseRow,Microsoft Learn,1,https://learn.microsoft.com/en-us/officeupdates/sharepoint-updates,https://support.microsoft.com/help/4493209,2026-09-24
2013,KB,KB4493150,15.0.5311.1000,SharePoint Server 2013,21-Jan,2021-01-01,month,SharedReleaseRow,Microsoft Learn,1,https://learn.microsoft.com/en-us/officeupdates/sharepoint-updates,https://support.microsoft.com/help/4493150,2026-09-24
2013,KB,KB4493172,15.0.5311.1000,SharePoint Foundation 2013,21-Jan,2021-01-01,month,SharedReleaseRow,Microsoft Learn,1,https://learn.microsoft.com/en-us/officeupdates/sharepoint-updates,https://support.microsoft.com/help/4493172,2026-09-24
2013,KB,KB4486761,15.0.5301.1000,SharePoint Foundation 2013,20-Dec,2020-12-01,month,SharedReleaseRow,Microsoft Learn,1,https://learn.microsoft.com/en-us/officeupdates/sharepoint-updates,https://support.microsoft.com/help/4486761,2026-09-24
2013,KB,KB4493137,15.0.5301.1000,SharePoint Server 2013,20-Dec,2020-12-01,month,SharedReleaseRow,Microsoft Learn,1,https://learn.microsoft.com/en-us/officeupdates/sharepoint-updates,https://support.microsoft.com/help/4493137,2026-09-24
2013,KB,KB4486728,15.0.5293.1000,SharePoint Foundation 2013,20-Nov,2020-11-01,month,SharedReleaseRow,Microsoft Learn,1,https://learn.microsoft.com/en-us/officeupdates/sharepoint-updates,https://support.microsoft.com/help/4486728,2026-09-24
2013,KB,KB4486731,15.0.5293.1000,SharePoint Server 2013,20-Nov,2020-11-01,month,SharedReleaseRow,Microsoft Learn,1,https://learn.microsoft.com/en-us/officeupdates/sharepoint-updates,https://support.microsoft.com/help/4486731,2026-09-24
2013,KB,KB4486690,15.0.5285.1000,SharePoint Foundation 2013,20-Oct,2020-10-01,month,SharedReleaseRow,Microsoft Learn,1,https://learn.microsoft.com/en-us/officeupdates/sharepoint-updates,https://support.microsoft.com/help/4486690,2026-09-24
2013,KB,KB4486693,15.0.5285.1000,SharePoint Server 2013,20-Oct,2020-10-01,month,SharedReleaseRow,Microsoft Learn,1,https://learn.microsoft.com/en-us/officeupdates/sharepoint-updates,https://support.microsoft.com/help/4486693,2026-09-24
2013,KB,KB4484519,15.0.5275.1001,SharePoint Foundation 2013,20-Sep,2020-09-01,month,SharedReleaseRow,Microsoft Learn,1,https://learn.microsoft.com/en-us/officeupdates/sharepoint-updates,https://support.microsoft.com/help/4484519,2026-09-24
2013,KB,KB4484523,15.0.5275.1001,SharePoint Server 2013,20-Sep,2020-09-01,month,SharedReleaseRow,Microsoft Learn,1,https://learn.microsoft.com/en-us/officeupdates/sharepoint-updates,https://support.microsoft.com/help/4484523,2026-09-24
2013,KB,KB4484482,15.0.5267.1000,SharePoint Foundation 2013,20-Aug,2020-08-01,month,SharedReleaseRow,Microsoft Learn,1,https://learn.microsoft.com/en-us/officeupdates/sharepoint-updates,https://support.microsoft.com/help/4484482,2026-09-24
2013,KB,KB4484485,15.0.5267.1000,SharePoint Server 2013,20-Aug,2020-08-01,month,SharedReleaseRow,Microsoft Learn,1,https://learn.microsoft.com/en-us/officeupdates/sharepoint-updates,https://support.microsoft.com/help/4484485,2026-09-24
2013,KB,KB4484444,15.0.5259.1001,SharePoint Foundation 2013,20-Jul,2020-07-01,month,SharedReleaseRow,Microsoft Learn,1,https://learn.microsoft.com/en-us/officeupdates/sharepoint-updates,https://support.microsoft.com/help/4484444,2026-09-24
2013,KB,KB4484447,15.0.5259.1001,SharePoint Server 2013,20-Jul,2020-07-01,month,SharedReleaseRow,Microsoft Learn,1,https://learn.microsoft.com/en-us/officeupdates/sharepoint-updates,https://support.microsoft.com/help/4484447,2026-09-24
2013,KB,KB4484406,15.0.5249.1001,SharePoint Foundation 2013,20-Jun,2020-06-01,month,SharedReleaseRow,Microsoft Learn,1,https://learn.microsoft.com/en-us/officeupdates/sharepoint-updates,https://support.microsoft.com/help/4484406,2026-09-24
2013,KB,KB4484408,15.0.5249.1001,SharePoint Server 2013,20-Jun,2020-06-01,month,SharedReleaseRow,Microsoft Learn,1,https://learn.microsoft.com/en-us/officeupdates/sharepoint-updates,https://support.microsoft.com/help/4484408,2026-09-24
2013,KB,KB4484358,15.0.5241.1000,SharePoint Foundation 2013,20-May,2020-05-01,month,SharedReleaseRow,Microsoft Learn,1,https://learn.microsoft.com/en-us/officeupdates/sharepoint-updates,https://support.microsoft.com/help/4484358,2026-09-24
2013,KB,KB4484362,15.0.5241.1000,SharePoint Server 2013,20-May,2020-05-01,month,SharedReleaseRow,Microsoft Learn,1,https://learn.microsoft.com/en-us/officeupdates/sharepoint-updates,https://support.microsoft.com/help/4484362,2026-09-24
2013,KB,KB4484309,15.0.5233.1000,SharePoint Foundation 2013,20-Apr,2020-04-01,month,SharedReleaseRow,Microsoft Learn,1,https://learn.microsoft.com/en-us/officeupdates/sharepoint-updates,https://support.microsoft.com/help/4484309,2026-09-24
2013,KB,KB4484320,15.0.5233.1000,SharePoint Server 2013,20-Apr,2020-04-01,month,SharedReleaseRow,Microsoft Learn,1,https://learn.microsoft.com/en-us/officeupdates/sharepoint-updates,https://support.microsoft.com/help/4484320,2026-09-24
2013,KB,KB4484278,15.0.5223.1000,SharePoint Foundation 2013,20-Mar,2020-03-01,month,SharedReleaseRow,Microsoft Learn,1,https://learn.microsoft.com/en-us/officeupdates/sharepoint-updates,https://support.microsoft.com/help/4484278,2026-09-24
2013,KB,KB4484280,15.0.5223.1000,SharePoint Server 2013,20-Mar,2020-03-01,month,SharedReleaseRow,Microsoft Learn,1,https://learn.microsoft.com/en-us/officeupdates/sharepoint-updates,https://support.microsoft.com/help/4484280,2026-09-24
2013,KB,KB4484261,15.0.5215.1000,SharePoint Foundation 2013,20-Feb,2020-02-01,month,SharedReleaseRow,Microsoft Learn,1,https://learn.microsoft.com/en-us/officeupdates/sharepoint-updates,https://support.microsoft.com/help/4484261,2026-09-24
2013,KB,KB4484263,15.0.5215.1000,SharePoint Server 2013,20-Feb,2020-02-01,month,SharedReleaseRow,Microsoft Learn,1,https://learn.microsoft.com/en-us/officeupdates/sharepoint-updates,https://support.microsoft.com/help/4484263,2026-09-24
2013,KB,KB4484228,15.0.5207.1000,SharePoint Foundation 2013,20-Jan,2020-01-01,month,SharedReleaseRow,Microsoft Learn,1,https://learn.microsoft.com/en-us/officeupdates/sharepoint-updates,https://support.microsoft.com/help/4484228,2026-09-24
2013,KB,KB4484232,15.0.5207.1000,SharePoint Server 2013,20-Jan,2020-01-01,month,SharedReleaseRow,Microsoft Learn,1,https://learn.microsoft.com/en-us/officeupdates/sharepoint-updates,https://support.microsoft.com/help/4484232,2026-09-24
2013,KB,KB4484185,15.0.5197.1000,SharePoint Foundation 2013,19-Dec,2019-12-01,month,SharedReleaseRow,Microsoft Learn,1,https://learn.microsoft.com/en-us/officeupdates/sharepoint-updates,https://support.microsoft.com/help/4484185,2026-09-24
2013,KB,KB4484188,15.0.5197.1000,SharePoint Server 2013,19-Dec,2019-12-01,month,SharedReleaseRow,Microsoft Learn,1,https://learn.microsoft.com/en-us/officeupdates/sharepoint-updates,https://support.microsoft.com/help/4484188,2026-09-24
2013,KB,KB4484153,15.0.5189.1000,SharePoint Foundation 2013,19-Nov,2019-11-01,month,SharedReleaseRow,Microsoft Learn,1,https://learn.microsoft.com/en-us/officeupdates/sharepoint-updates,https://support.microsoft.com/help/4484153,2026-09-24
2013,KB,KB4484155,15.0.5189.1000,SharePoint Server 2013,19-Nov,2019-11-01,month,SharedReleaseRow,Microsoft Learn,1,https://learn.microsoft.com/en-us/officeupdates/sharepoint-updates,https://support.microsoft.com/help/4484155,2026-09-24
2013,KB,KB4484118,15.0.5179.1000,SharePoint Foundation 2013,19-Oct,2019-10-01,month,SharedReleaseRow,Microsoft Learn,1,https://learn.microsoft.com/en-us/officeupdates/sharepoint-updates,https://support.microsoft.com/help/4484118,2026-09-24
2013,KB,KB4484121,15.0.5179.1000,SharePoint Server 2013,19-Oct,2019-10-01,month,SharedReleaseRow,Microsoft Learn,1,https://learn.microsoft.com/en-us/officeupdates/sharepoint-updates,https://support.microsoft.com/help/4484121,2026-09-24
2013,KB,KB4475610,15.0.5172.1000,SharePoint Foundation 2013,19-Sep,2019-09-01,month,SharedReleaseRow,Microsoft Learn,1,https://learn.microsoft.com/en-us/officeupdates/sharepoint-updates,https://support.microsoft.com/help/4475610,2026-09-24
2013,KB,KB4484095,15.0.5172.1000,SharePoint Server 2013,19-Sep,2019-09-01,month,SharedReleaseRow,Microsoft Learn,1,https://learn.microsoft.com/en-us/officeupdates/sharepoint-updates,https://support.microsoft.com/help/4484095,2026-09-24
2013,KB,KB4475559,15.0.5163.1000,SharePoint Foundation 2013,19-Aug,2019-08-01,month,SharedReleaseRow,Microsoft Learn,1,https://learn.microsoft.com/en-us/officeupdates/sharepoint-updates,https://support.microsoft.com/help/4475559,2026-09-24
2013,KB,KB4475561,15.0.5163.1000,SharePoint Server 2013,19-Aug,2019-08-01,month,SharedReleaseRow,Microsoft Learn,1,https://learn.microsoft.com/en-us/officeupdates/sharepoint-updates,https://support.microsoft.com/help/4475561,2026-09-24
2013,KB,KB4475523,15.0.5153.1000,SharePoint Foundation 2013,19-Jul,2019-07-01,month,SharedReleaseRow,Microsoft Learn,1,https://learn.microsoft.com/en-us/officeupdates/sharepoint-updates,https://support.microsoft.com/help/4475523,2026-09-24
2013,KB,KB4475526,15.0.5153.1000,SharePoint Server 2013,19-Jul,2019-07-01,month,SharedReleaseRow,Microsoft Learn,1,https://learn.microsoft.com/en-us/officeupdates/sharepoint-updates,https://support.microsoft.com/help/4475526,2026-09-24
2013,KB,KB4464598,15.0.5145.1000,SharePoint Foundation 2013,19-Jun,2019-06-01,month,SharedReleaseRow,Microsoft Learn,1,https://learn.microsoft.com/en-us/officeupdates/sharepoint-updates,https://support.microsoft.com/help/4464598,2026-09-24
2013,KB,KB4464601,15.0.5145.1000,SharePoint Server 2013,19-Jun,2019-06-01,month,SharedReleaseRow,Microsoft Learn,1,https://learn.microsoft.com/en-us/officeupdates/sharepoint-updates,https://support.microsoft.com/help/4464601,2026-09-24
2013,KB,KB4464560,15.0.5137.1000,SharePoint Foundation 2013,19-May,2019-05-01,month,SharedReleaseRow,Microsoft Learn,1,https://learn.microsoft.com/en-us/officeupdates/sharepoint-updates,https://support.microsoft.com/help/4464560,2026-09-24
2013,KB,KB4464563,15.0.5137.1000,SharePoint Server 2013,19-May,2019-05-01,month,SharedReleaseRow,Microsoft Learn,1,https://learn.microsoft.com/en-us/officeupdates/sharepoint-updates,https://support.microsoft.com/help/4464563,2026-09-24
2013,KB,KB4464512,15.0.5127.1000,SharePoint Foundation 2013,19-Apr,2019-04-01,month,SharedReleaseRow,Microsoft Learn,1,https://learn.microsoft.com/en-us/officeupdates/sharepoint-updates,https://support.microsoft.com/help/4464512,2026-09-24
2013,KB,KB4464514,15.0.5127.1000,SharePoint Server 2013,19-Apr,2019-04-01,month,SharedReleaseRow,Microsoft Learn,1,https://learn.microsoft.com/en-us/officeupdates/sharepoint-updates,https://support.microsoft.com/help/4464514,2026-09-24
2013,KB,KB4462217,15.0.5119.1001,SharePoint Foundation 2013,19-Mar,2019-03-01,month,SharedReleaseRow,Microsoft Learn,1,https://learn.microsoft.com/en-us/officeupdates/sharepoint-updates,https://support.microsoft.com/help/4462217,2026-09-24
2013,KB,KB4462219,15.0.5119.1001,SharePoint Server 2013,19-Mar,2019-03-01,month,SharedReleaseRow,Microsoft Learn,1,https://learn.microsoft.com/en-us/officeupdates/sharepoint-updates,https://support.microsoft.com/help/4462219,2026-09-24
2013,KB,KB4462150,15.0.5111.1001,SharePoint Foundation 2013,19-Feb,2019-02-01,month,SharedReleaseRow,Microsoft Learn,1,https://learn.microsoft.com/en-us/officeupdates/sharepoint-updates,https://support.microsoft.com/help/4462150,2026-09-24
2013,KB,KB4462152,15.0.5111.1001,SharePoint Server 2013,19-Feb,2019-02-01,month,SharedReleaseRow,Microsoft Learn,1,https://learn.microsoft.com/en-us/officeupdates/sharepoint-updates,https://support.microsoft.com/help/4462152,2026-09-24
2013,KB,KB4461603,15.0.5101.1000,SharePoint Foundation 2013,19-Jan,2019-01-01,month,PackageEntry,Microsoft Learn,1,https://learn.microsoft.com/en-us/officeupdates/sharepoint-updates,https://support.microsoft.com/help/4461603,2026-09-24
2013,KB,KB4461605,15.0.5101.1001,SharePoint Server 2013,19-Jan,2019-01-01,month,PackageEntry,Microsoft Learn,1,https://learn.microsoft.com/en-us/officeupdates/sharepoint-updates,https://support.microsoft.com/help/4461605,2026-09-24
2013,KB,KB4461552,15.0.5093.1000,SharePoint Foundation 2013,18-Dec,2018-12-01,month,SharedReleaseRow,Microsoft Learn,1,https://learn.microsoft.com/en-us/officeupdates/sharepoint-updates,https://support.microsoft.com/help/4461552,2026-09-24
2013,KB,KB4461555,15.0.5093.1000,SharePoint Server 2013,18-Dec,2018-12-01,month,SharedReleaseRow,Microsoft Learn,1,https://learn.microsoft.com/en-us/officeupdates/sharepoint-updates,https://support.microsoft.com/help/4461555,2026-09-24
2013,KB,KB4461508,15.0.5085.1000,SharePoint Foundation 2013,18-Nov,2018-11-01,month,SharedReleaseRow,Microsoft Learn,1,https://learn.microsoft.com/en-us/officeupdates/sharepoint-updates,https://support.microsoft.com/help/4461508,2026-09-24
2013,KB,KB4461510,15.0.5085.1000,SharePoint Server 2013,18-Nov,2018-11-01,month,SharedReleaseRow,Microsoft Learn,1,https://learn.microsoft.com/en-us/officeupdates/sharepoint-updates,https://support.microsoft.com/help/4461510,2026-09-24
2013,KB,KB4461455,15.0.5075.1000,SharePoint Foundation 2013,18-Oct,2018-10-01,month,SharedReleaseRow,Microsoft Learn,1,https://learn.microsoft.com/en-us/officeupdates/sharepoint-updates,https://support.microsoft.com/help/4461455,2026-09-24
2013,KB,KB4461458,15.0.5075.1000,SharePoint Server 2013,18-Oct,2018-10-01,month,SharedReleaseRow,Microsoft Learn,1,https://learn.microsoft.com/en-us/officeupdates/sharepoint-updates,https://support.microsoft.com/help/4461458,2026-09-24
2013,KB,KB4092474,15.0.5067.1000,SharePoint Foundation 2013,18-Sep,2018-09-01,month,SharedReleaseRow,Microsoft Learn,1,https://learn.microsoft.com/en-us/officeupdates/sharepoint-updates,https://support.microsoft.com/help/4092474,2026-09-24
2013,KB,KB4092476,15.0.5067.1000,SharePoint Server 2013,18-Sep,2018-09-01,month,SharedReleaseRow,Microsoft Learn,1,https://learn.microsoft.com/en-us/officeupdates/sharepoint-updates,https://support.microsoft.com/help/4092476,2026-09-24
2013,KB,KB4032244,15.0.5059.1000,SharePoint Foundation 2013,18-Aug,2018-08-01,month,SharedReleaseRow,Microsoft Learn,1,https://learn.microsoft.com/en-us/officeupdates/sharepoint-updates,https://support.microsoft.com/help/4032244,2026-09-24
2013,KB,KB4032247,15.0.5059.1000,SharePoint Server 2013,18-Aug,2018-08-01,month,SharedReleaseRow,Microsoft Learn,1,https://learn.microsoft.com/en-us/officeupdates/sharepoint-updates,https://support.microsoft.com/help/4032247,2026-09-24
2013,KB,KB4022239,15.0.5049.1001,SharePoint Foundation 2013,18-Jul,2018-07-01,month,SharedReleaseRow,Microsoft Learn,1,https://learn.microsoft.com/en-us/officeupdates/sharepoint-updates,https://support.microsoft.com/help/4022239,2026-09-24
2013,KB,KB4022241,15.0.5049.1001,SharePoint Server 2013,18-Jul,2018-07-01,month,SharedReleaseRow,Microsoft Learn,1,https://learn.microsoft.com/en-us/officeupdates/sharepoint-updates,https://support.microsoft.com/help/4022241,2026-09-24
2013,KB,KB4022184,15.0.5041.1000,SharePoint Foundation 2013,18-Jun,2018-06-01,month,SharedReleaseRow,Microsoft Learn,1,https://learn.microsoft.com/en-us/officeupdates/sharepoint-updates,https://support.microsoft.com/help/4022184,2026-09-24
2013,KB,KB4022187,15.0.5041.1000,SharePoint Server 2013,18-Jun,2018-06-01,month,SharedReleaseRow,Microsoft Learn,1,https://learn.microsoft.com/en-us/officeupdates/sharepoint-updates,https://support.microsoft.com/help/4022187,2026-09-24
2013,KB,KB4018394,15.0.5031.1000,SharePoint Foundation 2013,18-May,2018-05-01,month,SharedReleaseRow,Microsoft Learn,1,https://learn.microsoft.com/en-us/officeupdates/sharepoint-updates,https://support.microsoft.com/help/4018394,2026-09-24
2013,KB,KB4018397,15.0.5031.1000,SharePoint Server 2013,18-May,2018-05-01,month,SharedReleaseRow,Microsoft Learn,1,https://learn.microsoft.com/en-us/officeupdates/sharepoint-updates,https://support.microsoft.com/help/4018397,2026-09-24
2013,KB,KB4018345,15.0.5023.1000,SharePoint Foundation 2013,18-Apr,2018-04-01,month,SharedReleaseRow,Microsoft Learn,1,https://learn.microsoft.com/en-us/officeupdates/sharepoint-updates,https://support.microsoft.com/help/4018345,2026-09-24
2013,KB,KB4018348,15.0.5023.1000,SharePoint Server 2013,18-Apr,2018-04-01,month,SharedReleaseRow,Microsoft Learn,1,https://learn.microsoft.com/en-us/officeupdates/sharepoint-updates,https://support.microsoft.com/help/4018348,2026-09-24
2013,KB,KB4018299,15.0.5015.1002,SharePoint Foundation 2013,18-Mar,2018-03-01,month,SharedReleaseRow,Microsoft Learn,1,https://learn.microsoft.com/en-us/officeupdates/sharepoint-updates,https://support.microsoft.com/help/4018299,2026-09-24
2013,KB,KB4018302,15.0.5015.1002,SharePoint Server 2013,18-Mar,2018-03-01,month,SharedReleaseRow,Microsoft Learn,1,https://learn.microsoft.com/en-us/officeupdates/sharepoint-updates,https://support.microsoft.com/help/4018302,2026-09-24
2013,KB,KB4011693,15.0.5007.1000,SharePoint Foundation 2013,18-Feb,2018-02-01,month,SharedReleaseRow,Microsoft Learn,1,https://learn.microsoft.com/en-us/officeupdates/sharepoint-updates,https://support.microsoft.com/help/4011693,2026-09-24
2013,KB,KB4011696,15.0.5007.1000,SharePoint Server 2013,18-Feb,2018-02-01,month,SharedReleaseRow,Microsoft Learn,1,https://learn.microsoft.com/en-us/officeupdates/sharepoint-updates,https://support.microsoft.com/help/4011696,2026-09-24
2013,KB,KB4011649,15.0.4997.1000,SharePoint Foundation 2013,18-Jan,2018-01-01,month,SharedReleaseRow,Microsoft Learn,1,https://learn.microsoft.com/en-us/officeupdates/sharepoint-updates,https://support.microsoft.com/help/4011649,2026-09-24
2013,KB,KB4011652,15.0.4997.1000,SharePoint Server 2013,18-Jan,2018-01-01,month,SharedReleaseRow,Microsoft Learn,1,https://learn.microsoft.com/en-us/officeupdates/sharepoint-updates,https://support.microsoft.com/help/4011652,2026-09-24
2013,KB,KB4011588,15.0.4989.1001,SharePoint Foundation 2013,17-Dec,2017-12-01,month,SharedReleaseRow,Microsoft Learn,1,https://learn.microsoft.com/en-us/officeupdates/sharepoint-updates,https://support.microsoft.com/help/4011588,2026-09-24
2013,KB,KB4011593,15.0.4989.1001,SharePoint Server 2013,17-Dec,2017-12-01,month,SharedReleaseRow,Microsoft Learn,1,https://learn.microsoft.com/en-us/officeupdates/sharepoint-updates,https://support.microsoft.com/help/4011593,2026-09-24
2013,KB,KB4011248,15.0.4981.1002,SharePoint Foundation 2013,17-Nov,2017-11-01,month,SharedReleaseRow,Microsoft Learn,1,https://learn.microsoft.com/en-us/officeupdates/sharepoint-updates,https://support.microsoft.com/help/4011248,2026-09-24
2013,KB,KB4011251,15.0.4981.1002,SharePoint Server 2013,17-Nov,2017-11-01,month,SharedReleaseRow,Microsoft Learn,1,https://learn.microsoft.com/en-us/officeupdates/sharepoint-updates,https://support.microsoft.com/help/4011251,2026-09-24
2013,KB,KB4011173,15.0.4971.1001,SharePoint Foundation 2013,17-Oct,2017-10-01,month,PackageEntry,Microsoft Learn,1,https://learn.microsoft.com/en-us/officeupdates/sharepoint-updates,https://support.microsoft.com/help/4011173,2026-09-24
2013,KB,KB4011177,15.0.4971.1002,SharePoint Server 2013,17-Oct,2017-10-01,month,PackageEntry,Microsoft Learn,1,https://learn.microsoft.com/en-us/officeupdates/sharepoint-updates,https://support.microsoft.com/help/4011177,2026-09-24
2013,KB,KB4011116,15.0.4963.1001,SharePoint Server 2013,17-Sep,2017-09-01,month,SharedReleaseRow,Microsoft Learn,1,https://learn.microsoft.com/en-us/officeupdates/sharepoint-updates,https://support.microsoft.com/help/4011116,2026-09-24
2013,KB,KB4011132,15.0.4963.1001,SharePoint Foundation 2013,17-Sep,2017-09-01,month,SharedReleaseRow,Microsoft Learn,1,https://learn.microsoft.com/en-us/officeupdates/sharepoint-updates,https://support.microsoft.com/help/4011132,2026-09-24
2013,KB,KB4011073,15.0.4953.1000,SharePoint Foundation 2013,17-Aug,2017-08-01,month,SharedReleaseRow,Microsoft Learn,1,https://learn.microsoft.com/en-us/officeupdates/sharepoint-updates,https://support.microsoft.com/help/4011073,2026-09-24
2013,KB,KB4011076,15.0.4953.1000,SharePoint Server 2013,17-Aug,2017-08-01,month,SharedReleaseRow,Microsoft Learn,1,https://learn.microsoft.com/en-us/officeupdates/sharepoint-updates,https://support.microsoft.com/help/4011076,2026-09-24
2013,KB,KB3213563,15.0.4945.1000,SharePoint Foundation 2013,17-Jul,2017-07-01,month,SharedReleaseRow,Microsoft Learn,1,https://learn.microsoft.com/en-us/officeupdates/sharepoint-updates,https://support.microsoft.com/help/3213563,2026-09-24
2013,KB,KB3213569,15.0.4945.1000,SharePoint Server 2013,17-Jul,2017-07-01,month,SharedReleaseRow,Microsoft Learn,1,https://learn.microsoft.com/en-us/officeupdates/sharepoint-updates,https://support.microsoft.com/help/3213569,2026-09-24
2013,KB,KB3203428,15.0.4937.1000,SharePoint Foundation 2013,17-Jun,2017-06-01,month,SharedReleaseRow,Microsoft Learn,1,https://learn.microsoft.com/en-us/officeupdates/sharepoint-updates,https://support.microsoft.com/help/3203428,2026-09-24
2013,KB,KB3203430,15.0.4937.1000,SharePoint Server 2013,17-Jun,2017-06-01,month,SharedReleaseRow,Microsoft Learn,1,https://learn.microsoft.com/en-us/officeupdates/sharepoint-updates,https://support.microsoft.com/help/3203430,2026-09-24
2013,KB,KB3191911,15.0.4927.1001,SharePoint Foundation 2013,17-May,2017-05-01,month,SharedReleaseRow,Microsoft Learn,1,https://learn.microsoft.com/en-us/officeupdates/sharepoint-updates,https://support.microsoft.com/help/3191911,2026-09-24
2013,KB,KB3191913,15.0.4927.1001,SharePoint Server 2013,17-May,2017-05-01,month,SharedReleaseRow,Microsoft Learn,1,https://learn.microsoft.com/en-us/officeupdates/sharepoint-updates,https://support.microsoft.com/help/3191913,2026-09-24
2013,KB,KB3178727,15.0.4919.1003,SharePoint Foundation 2013,17-Apr,2017-04-01,month,SharedReleaseRow,Microsoft Learn,1,https://learn.microsoft.com/en-us/officeupdates/sharepoint-updates,https://support.microsoft.com/help/3178727,2026-09-24
2013,KB,KB3178730,15.0.4919.1003,SharePoint Server 2013,17-Apr,2017-04-01,month,SharedReleaseRow,Microsoft Learn,1,https://learn.microsoft.com/en-us/officeupdates/sharepoint-updates,https://support.microsoft.com/help/3178730,2026-09-24
2013,KB,KB3172456,15.0.4911.1001,SharePoint Foundation 2013,17-Mar,2017-03-01,month,SharedReleaseRow,Microsoft Learn,1,https://learn.microsoft.com/en-us/officeupdates/sharepoint-updates,https://support.microsoft.com/help/3172456,2026-09-24
2013,KB,KB3172497,15.0.4911.1001,SharePoint Server 2013,17-Mar,2017-03-01,month,SharedReleaseRow,Microsoft Learn,1,https://learn.microsoft.com/en-us/officeupdates/sharepoint-updates,https://support.microsoft.com/help/3172497,2026-09-24
2013,KB,KB3141479,15.0.4893.1001,SharePoint Foundation 2013,17-Jan,2017-01-01,month,SharedReleaseRow,Microsoft Learn,1,https://learn.microsoft.com/en-us/officeupdates/sharepoint-updates,https://support.microsoft.com/help/3141479,2026-09-24
2013,KB,KB3141481,15.0.4893.1001,SharePoint Server 2013,17-Jan,2017-01-01,month,SharedReleaseRow,Microsoft Learn,1,https://learn.microsoft.com/en-us/officeupdates/sharepoint-updates,https://support.microsoft.com/help/3141481,2026-09-24
2013,KB,KB3128001,15.0.4885.1000,SharePoint Foundation 2013,16-Dec,2016-12-01,month,SharedReleaseRow,Microsoft Learn,1,https://learn.microsoft.com/en-us/officeupdates/sharepoint-updates,https://support.microsoft.com/help/3128001,2026-09-24
2013,KB,KB3128005,15.0.4885.1000,SharePoint Server 2013,16-Dec,2016-12-01,month,SharedReleaseRow,Microsoft Learn,1,https://learn.microsoft.com/en-us/officeupdates/sharepoint-updates,https://support.microsoft.com/help/3128005,2026-09-24
2013,KB,KB3127930,15.0.4875.1000,SharePoint Foundation 2013,16-Nov,2016-11-01,month,SharedReleaseRow,Microsoft Learn,1,https://learn.microsoft.com/en-us/officeupdates/sharepoint-updates,https://support.microsoft.com/help/3127930,2026-09-24
2013,KB,KB3127933,15.0.4875.1000,SharePoint Server 2013,16-Nov,2016-11-01,month,SharedReleaseRow,Microsoft Learn,1,https://learn.microsoft.com/en-us/officeupdates/sharepoint-updates,https://support.microsoft.com/help/3127933,2026-09-24
2013,KB,KB3118361,15.0.4867.1002,SharePoint Foundation 2013,16-Oct,2016-10-01,month,SharedReleaseRow,Microsoft Learn,1,https://learn.microsoft.com/en-us/officeupdates/sharepoint-updates,https://support.microsoft.com/help/3118361,2026-09-24
2013,KB,KB3118366,15.0.4867.1002,SharePoint Server 2013,16-Oct,2016-10-01,month,SharedReleaseRow,Microsoft Learn,1,https://learn.microsoft.com/en-us/officeupdates/sharepoint-updates,https://support.microsoft.com/help/3118366,2026-09-24
2013,KB,KB3118271,15.0.4859.1000,SharePoint Foundation 2013,16-Sep,2016-09-01,month,SharedReleaseRow,Microsoft Learn,1,https://learn.microsoft.com/en-us/officeupdates/sharepoint-updates,https://support.microsoft.com/help/3118271,2026-09-24
2013,KB,KB3118279,15.0.4859.1000,SharePoint Server 2013,16-Sep,2016-09-01,month,SharedReleaseRow,Microsoft Learn,1,https://learn.microsoft.com/en-us/officeupdates/sharepoint-updates,https://support.microsoft.com/help/3118279,2026-09-24
2013,KB,KB3115447,15.0.4849.1000,SharePoint Foundation 2013,16-Aug,2016-08-01,month,SharedReleaseRow,Microsoft Learn,1,https://learn.microsoft.com/en-us/officeupdates/sharepoint-updates,https://support.microsoft.com/help/3115447,2026-09-24
2013,KB,KB3115450,15.0.4849.1000,SharePoint Server 2013,16-Aug,2016-08-01,month,SharedReleaseRow,Microsoft Learn,1,https://learn.microsoft.com/en-us/officeupdates/sharepoint-updates,https://support.microsoft.com/help/3115450,2026-09-24
2013,KB,KB3115290,15.0.4841.1000,SharePoint Foundation 2013,16-Jul,2016-07-01,month,SharedReleaseRow,Microsoft Learn,1,https://learn.microsoft.com/en-us/officeupdates/sharepoint-updates,https://support.microsoft.com/help/3115290,2026-09-24
2013,KB,KB3115293,15.0.4841.1000,SharePoint Server 2013,16-Jul,2016-07-01,month,SharedReleaseRow,Microsoft Learn,1,https://learn.microsoft.com/en-us/officeupdates/sharepoint-updates,https://support.microsoft.com/help/3115293,2026-09-24
2013,KB,KB3115171,15.0.4833.1000,SharePoint Foundation 2013,16-Jun,2016-06-01,month,SharedReleaseRow,Microsoft Learn,1,https://learn.microsoft.com/en-us/officeupdates/sharepoint-updates,https://support.microsoft.com/help/3115171,2026-09-24
2013,KB,KB3115174,15.0.4833.1000,SharePoint Server 2013,16-Jun,2016-06-01,month,SharedReleaseRow,Microsoft Learn,1,https://learn.microsoft.com/en-us/officeupdates/sharepoint-updates,https://support.microsoft.com/help/3115174,2026-09-24
2013,KB,KB3115023,15.0.4823.1003,SharePoint Foundation 2013,16-May,2016-05-01,month,SharedReleaseRow,Microsoft Learn,1,https://learn.microsoft.com/en-us/officeupdates/sharepoint-updates,https://support.microsoft.com/help/3115023,2026-09-24
2013,KB,KB3115029,15.0.4823.1003,SharePoint Server 2013,16-May,2016-05-01,month,SharedReleaseRow,Microsoft Learn,1,https://learn.microsoft.com/en-us/officeupdates/sharepoint-updates,https://support.microsoft.com/help/3115029,2026-09-24
2013,KB,KB3114935,15.0.4815.1000,SharePoint Foundation 2013,16-Apr,2016-04-01,month,SharedReleaseRow,Microsoft Learn,1,https://learn.microsoft.com/en-us/officeupdates/sharepoint-updates,https://support.microsoft.com/help/3114935,2026-09-24
2013,KB,KB3114938,15.0.4815.1000,SharePoint Server 2013,16-Apr,2016-04-01,month,SharedReleaseRow,Microsoft Learn,1,https://learn.microsoft.com/en-us/officeupdates/sharepoint-updates,https://support.microsoft.com/help/3114938,2026-09-24
2013,KB,KB3114822,15.0.4805.1000,SharePoint Foundation 2013,16-Mar,2016-03-01,month,SharedReleaseRow,Microsoft Learn,1,https://learn.microsoft.com/en-us/officeupdates/sharepoint-updates,https://support.microsoft.com/help/3114822,2026-09-24
2013,KB,KB3114827,15.0.4805.1000,SharePoint Server 2013,16-Mar,2016-03-01,month,SharedReleaseRow,Microsoft Learn,1,https://learn.microsoft.com/en-us/officeupdates/sharepoint-updates,https://support.microsoft.com/help/3114827,2026-09-24
2013,KB,KB3114722,15.0.4797.1001,SharePoint Foundation 2013,16-Feb,2016-02-01,month,SharedReleaseRow,Microsoft Learn,1,https://learn.microsoft.com/en-us/officeupdates/sharepoint-updates,https://support.microsoft.com/help/3114722,2026-09-24
2013,KB,KB3114726,15.0.4797.1001,SharePoint Server 2013,16-Feb,2016-02-01,month,SharedReleaseRow,Microsoft Learn,1,https://learn.microsoft.com/en-us/officeupdates/sharepoint-updates,https://support.microsoft.com/help/3114726,2026-09-24
2013,KB,KB3114492,15.0.4787.1000,SharePoint Foundation 2013,16-Jan,2016-01-01,month,SharedReleaseRow,Microsoft Learn,1,https://learn.microsoft.com/en-us/officeupdates/sharepoint-updates,https://support.microsoft.com/help/3114492,2026-09-24
2013,KB,KB3114497,15.0.4787.1000,SharePoint Server 2013,16-Jan,2016-01-01,month,SharedReleaseRow,Microsoft Learn,1,https://learn.microsoft.com/en-us/officeupdates/sharepoint-updates,https://support.microsoft.com/help/3114497,2026-09-24
2013,KB,KB3114339,15.0.4779.1000,SharePoint Foundation 2013,15-Dec,2015-12-01,month,SharedReleaseRow,Microsoft Learn,1,https://learn.microsoft.com/en-us/officeupdates/sharepoint-updates,https://support.microsoft.com/help/3114339,2026-09-24
2013,KB,KB3114345,15.0.4779.1000,SharePoint Server 2013,15-Dec,2015-12-01,month,SharedReleaseRow,Microsoft Learn,1,https://learn.microsoft.com/en-us/officeupdates/sharepoint-updates,https://support.microsoft.com/help/3114345,2026-09-24
2013,KB,KB3101368,15.0.4771.1000,SharePoint Foundation 2013,15-Nov,2015-11-01,month,SharedReleaseRow,Microsoft Learn,1,https://learn.microsoft.com/en-us/officeupdates/sharepoint-updates,https://support.microsoft.com/help/3101368,2026-09-24
2013,KB,KB3101373,15.0.4771.1000,SharePoint Server 2013,15-Nov,2015-11-01,month,SharedReleaseRow,Microsoft Learn,1,https://learn.microsoft.com/en-us/officeupdates/sharepoint-updates,https://support.microsoft.com/help/3101373,2026-09-24
2013,KB,KB3085488,15.0.4763.1000,SharePoint Foundation 2013,15-Oct,2015-10-01,month,SharedReleaseRow,Microsoft Learn,1,https://learn.microsoft.com/en-us/officeupdates/sharepoint-updates,https://support.microsoft.com/help/3085488,2026-09-24
2013,KB,KB3085492,15.0.4763.1000,SharePoint Server 2013,15-Oct,2015-10-01,month,SharedReleaseRow,Microsoft Learn,1,https://learn.microsoft.com/en-us/officeupdates/sharepoint-updates,https://support.microsoft.com/help/3085492,2026-09-24
2013,KB,KB3054813,15.0.4753.1000,SharePoint Server 2013,September 2015 Updates,2015-09-08,day,ComponentRow,Build Numbers (community),2,https://buildnumbers.wordpress.com/sharepoint/,https://support.microsoft.com/help/3054813,2026-09-24
2013,KB,KB3054870,15.0.4753.1000,SharePoint Server 2013,September 2015 Updates,2015-09-08,day,ComponentRow,Build Numbers (community),2,https://buildnumbers.wordpress.com/sharepoint/,https://support.microsoft.com/help/3054870,2026-09-24
2013,KB,KB3054998,15.0.4753.1000,SharePoint Server 2013,September 2015 Updates,2015-09-08,day,ComponentRow,Build Numbers (community),2,https://buildnumbers.wordpress.com/sharepoint/,https://support.microsoft.com/help/3054998,2026-09-24
2013,KB,KB3085481,15.0.4753.1000,SharePoint Server 2013,September 2015 Updates,2015-09-08,day,ComponentRow,Build Numbers (community),2,https://buildnumbers.wordpress.com/sharepoint/,https://support.microsoft.com/help/3085481,2026-09-24
2013,KB,KB3085483,15.0.4753.1000,SharePoint Server 2013,September 2015 Updates,2015-09-08,day,ComponentRow,Build Numbers (community),2,https://buildnumbers.wordpress.com/sharepoint/,https://support.microsoft.com/help/3085483,2026-09-24
2013,KB,KB3085501,15.0.4753.1000,SharePoint Foundation 2013,September 2015 Updates,2015-09-08,day,ComponentRow,Build Numbers (community),2,https://buildnumbers.wordpress.com/sharepoint/,https://support.microsoft.com/help/3085501,2026-09-24
2013,KB,KB2975894,15.0.4753.1003,SharePoint Foundation 2013,15-Sep,2015-09-01,month,SharedReleaseRow,Microsoft Learn,1,https://learn.microsoft.com/en-us/officeupdates/sharepoint-updates,https://support.microsoft.com/help/2975894,2026-09-24
2013,KB,KB2986213,15.0.4753.1003,SharePoint Server 2013,15-Sep,2015-09-01,month,SharedReleaseRow,Microsoft Learn,1,https://learn.microsoft.com/en-us/officeupdates/sharepoint-updates,https://support.microsoft.com/help/2986213,2026-09-24
2013,KB,KB3055004,15.0.4745.1000,SharePoint Foundation 2013,15-Aug,2015-08-01,month,SharedReleaseRow,Microsoft Learn,1,https://learn.microsoft.com/en-us/officeupdates/sharepoint-updates,https://support.microsoft.com/help/3055004,2026-09-24
2013,KB,KB3055009,15.0.4745.1000,SharePoint Server 2013,15-Aug,2015-08-01,month,SharedReleaseRow,Microsoft Learn,1,https://learn.microsoft.com/en-us/officeupdates/sharepoint-updates,https://support.microsoft.com/help/3055009,2026-09-24
2013,KB,KB3054931,15.0.4737.1000,SharePoint Foundation 2013,15-Jul,2015-07-01,month,SharedReleaseRow,Microsoft Learn,1,https://learn.microsoft.com/en-us/officeupdates/sharepoint-updates,https://support.microsoft.com/help/3054931,2026-09-24
2013,KB,KB3054937,15.0.4737.1000,SharePoint Server 2013,15-Jul,2015-07-01,month,SharedReleaseRow,Microsoft Learn,1,https://learn.microsoft.com/en-us/officeupdates/sharepoint-updates,https://support.microsoft.com/help/3054937,2026-09-24
2013,KB,KB3054864,15.0.4727.1001,SharePoint Foundation 2013,15-Jun,2015-06-01,month,SharedReleaseRow,Microsoft Learn,1,https://learn.microsoft.com/en-us/officeupdates/sharepoint-updates,https://support.microsoft.com/help/3054864,2026-09-24
2013,KB,KB3054866,15.0.4727.1001,SharePoint Server 2013,15-Jun,2015-06-01,month,SharedReleaseRow,Microsoft Learn,1,https://learn.microsoft.com/en-us/officeupdates/sharepoint-updates,https://support.microsoft.com/help/3054866,2026-09-24
2013,KB,KB3039747,15.0.4719.1002,SharePoint Foundation 2013,15-May,2015-05-01,month,SharedReleaseRow,Microsoft Learn,1,https://learn.microsoft.com/en-us/officeupdates/sharepoint-updates,https://support.microsoft.com/help/3039747,2026-09-24
2013,KB,KB3039780,15.0.4719.1002,SharePoint Server 2013,15-May,2015-05-01,month,SharedReleaseRow,Microsoft Learn,1,https://learn.microsoft.com/en-us/officeupdates/sharepoint-updates,https://support.microsoft.com/help/3039780,2026-09-24
2013,KB,KB2965261,15.0.4711.1000,SharePoint Foundation 2013,15-Apr,2015-04-01,month,SharedReleaseRow,Microsoft Learn,1,https://learn.microsoft.com/en-us/officeupdates/sharepoint-updates,https://support.microsoft.com/help/2965261,2026-09-24
2013,KB,KB2965266,15.0.4711.1000,SharePoint Server 2013,15-Apr,2015-04-01,month,SharedReleaseRow,Microsoft Learn,1,https://learn.microsoft.com/en-us/officeupdates/sharepoint-updates,https://support.microsoft.com/help/2965266,2026-09-24
2013,KB,KB2956159,15.0.4701.1001,SharePoint Foundation 2013,15-Mar,2015-03-01,month,SharedReleaseRow,Microsoft Learn,1,https://learn.microsoft.com/en-us/officeupdates/sharepoint-updates,https://support.microsoft.com/help/2956159,2026-09-24
2013,KB,KB2956166,15.0.4701.1001,SharePoint Server 2013,15-Mar,2015-03-01,month,SharedReleaseRow,Microsoft Learn,1,https://learn.microsoft.com/en-us/officeupdates/sharepoint-updates,https://support.microsoft.com/help/2956166,2026-09-24
2013,KB,KB2920801,15.0.4693.1001,SharePoint Foundation 2013,15-Feb,2015-02-01,month,SharedReleaseRow,Microsoft Learn,1,https://learn.microsoft.com/en-us/officeupdates/sharepoint-updates,https://support.microsoft.com/help/2920801,2026-09-24
2013,KB,KB2920804,15.0.4693.1001,SharePoint Server 2013,15-Feb,2015-02-01,month,SharedReleaseRow,Microsoft Learn,1,https://learn.microsoft.com/en-us/officeupdates/sharepoint-updates,https://support.microsoft.com/help/2920804,2026-09-24
2013,KB,KB2910938,15.0.4675.1000,SharePoint Server 2013,14-Dec,2014-12-01,month,SharedReleaseRow,Microsoft Learn,1,https://learn.microsoft.com/en-us/officeupdates/sharepoint-updates,https://support.microsoft.com/help/2910938,2026-09-24
2013,KB,KB2910945,15.0.4675.1000,SharePoint Foundation 2013,14-Dec,2014-12-01,month,SharedReleaseRow,Microsoft Learn,1,https://learn.microsoft.com/en-us/officeupdates/sharepoint-updates,https://support.microsoft.com/help/2910945,2026-09-24
2013,KB,KB2889944,15.0.4667.1000,SharePoint Server 2013,14-Nov,2014-11-01,month,SharedReleaseRow,Microsoft Learn,1,https://learn.microsoft.com/en-us/officeupdates/sharepoint-updates,https://support.microsoft.com/help/2889944,2026-09-24
2013,KB,KB2899468,15.0.4667.1000,SharePoint Foundation 2013,14-Nov,2014-11-01,month,SharedReleaseRow,Microsoft Learn,1,https://learn.microsoft.com/en-us/officeupdates/sharepoint-updates,https://support.microsoft.com/help/2899468,2026-09-24
2013,KB,KB2880485,15.0.4659.1001,SharePoint Server 2013,October 2014 Hotfix,2014-10-14,day,ComponentRow,Build Numbers (community),2,https://buildnumbers.wordpress.com/sharepoint/,https://support.microsoft.com/help/2880485,2026-09-24
2013,KB,KB2880962,15.0.4659.1001,SharePoint Server 2013,October 2014 Hotfix,2014-10-14,day,ComponentRow,Build Numbers (community),2,https://buildnumbers.wordpress.com/sharepoint/,https://support.microsoft.com/help/2880962,2026-09-24
2013,KB,KB2889946,15.0.4659.1001,SharePoint Foundation 2013,October 2014 Hotfix,2014-10-14,day,ComponentRow,Build Numbers (community),2,https://buildnumbers.wordpress.com/sharepoint/,https://support.microsoft.com/help/2889946,2026-09-24
2013,KB,KB2899469,15.0.4659.1001,SharePoint Server 2013,October 2014 Hotfix,2014-10-14,day,ComponentRow,Build Numbers (community),2,https://buildnumbers.wordpress.com/sharepoint/,https://support.microsoft.com/help/2899469,2026-09-24
2013,KB,KB2883068,15.0.4649.1001,SharePoint Server 2013,14-Sep,2014-09-01,month,SharedReleaseRow,Microsoft Learn,1,https://learn.microsoft.com/en-us/officeupdates/sharepoint-updates,https://support.microsoft.com/help/2883068,2026-09-24
2013,KB,KB2883087,15.0.4649.1001,SharePoint Foundation 2013,14-Sep,2014-09-01,month,SharedReleaseRow,Microsoft Learn,1,https://learn.microsoft.com/en-us/officeupdates/sharepoint-updates,https://support.microsoft.com/help/2883087,2026-09-24
2013,KB,KB2760213,15.0.4641.1001,SharePoint Server 2013,August 2014 Hotfix,2014-08-12,day,ComponentRow,Build Numbers (community),2,https://buildnumbers.wordpress.com/sharepoint/,https://support.microsoft.com/help/2760213,2026-09-24
2013,KB,KB2880559,15.0.4641.1001,SharePoint Server 2013,August 2014 Hotfix,2014-08-12,day,ComponentRow,Build Numbers (community),2,https://buildnumbers.wordpress.com/sharepoint/,https://support.microsoft.com/help/2880559,2026-09-24
2013,KB,KB2883078,15.0.4641.1001,SharePoint Server 2013,August 2014 Hotfix,2014-08-12,day,ComponentRow,Build Numbers (community),2,https://buildnumbers.wordpress.com/sharepoint/,https://support.microsoft.com/help/2883078,2026-09-24
2013,KB,KB2883081,15.0.4641.1001,SharePoint Foundation 2013,August 2014 Hotfix,2014-08-12,day,ComponentRow,Build Numbers (community),2,https://buildnumbers.wordpress.com/sharepoint/,https://support.microsoft.com/help/2883081,2026-09-24
2013,KB,KB2883085,15.0.4641.1001,SharePoint Server 2013,August 2014 Hotfix,2014-08-12,day,ComponentRow,Build Numbers (community),2,https://buildnumbers.wordpress.com/sharepoint/,https://support.microsoft.com/help/2883085,2026-09-24
2013,KB,KB2883086,15.0.4641.1001,SharePoint Server 2013,August 2014 Hotfix,2014-08-12,day,ComponentRow,Build Numbers (community),2,https://buildnumbers.wordpress.com/sharepoint/,https://support.microsoft.com/help/2883086,2026-09-24
2013,KB,KB2882989,15.0.4631.1001,SharePoint Server 2013,14-Jul,2014-07-01,month,SharedReleaseRow,Microsoft Learn,1,https://learn.microsoft.com/en-us/officeupdates/sharepoint-updates,https://support.microsoft.com/help/2882989,2026-09-24
2013,KB,KB2882999,15.0.4631.1001,SharePoint Foundation 2013,14-Jul,2014-07-01,month,SharedReleaseRow,Microsoft Learn,1,https://learn.microsoft.com/en-us/officeupdates/sharepoint-updates,https://support.microsoft.com/help/2882999,2026-09-24
2013,KB,KB2881061,15.0.4623.1001,SharePoint Server 2013,14-Jun,2014-06-01,month,SharedReleaseRow,Microsoft Learn,1,https://learn.microsoft.com/en-us/officeupdates/sharepoint-updates,https://support.microsoft.com/help/2881061,2026-09-24
2013,KB,KB2881063,15.0.4623.1001,SharePoint Foundation 2013,14-Jun,2014-06-01,month,SharedReleaseRow,Microsoft Learn,1,https://learn.microsoft.com/en-us/officeupdates/sharepoint-updates,https://support.microsoft.com/help/2881063,2026-09-24
2013,KB,KB2952166,15.0.4615.1001,SharePoint Foundation 2013,MS14-022,2014-05-13,day,ComponentRow,Build Numbers (community),2,https://buildnumbers.wordpress.com/sharepoint/,https://support.microsoft.com/help/2952166,2026-09-24
2013,KB,KB2952166,15.0.4615.1001,SharePoint Server 2013,MS14-022,2014-05-13,day,ComponentRow,Build Numbers (community),2,https://buildnumbers.wordpress.com/sharepoint/,https://support.microsoft.com/help/2952166,2026-09-24
2013,KB,KB2863892,15.0.4605.1004,SharePoint Foundation 2013,14-May,2014-05-01,month,SharedReleaseRow,Microsoft Learn,1,https://learn.microsoft.com/en-us/officeupdates/sharepoint-updates,https://support.microsoft.com/help/2863892,2026-09-24
2013,KB,KB2878240,15.0.4605.1004,SharePoint Server 2013,14-May,2014-05-01,month,SharedReleaseRow,Microsoft Learn,1,https://learn.microsoft.com/en-us/officeupdates/sharepoint-updates,https://support.microsoft.com/help/2878240,2026-09-24
2013,Baseline,KB2880551,15.0.4571.1502,SharePoint Foundation 2013,SP1,2014-04-01,month,SharedReleaseRow,Microsoft Learn,1,https://learn.microsoft.com/en-us/officeupdates/sharepoint-updates,https://support.microsoft.com/help/2880551,2026-09-24
2013,Baseline,KB2880552,15.0.4571.1502,SharePoint Server 2013,SP1,2014-04-01,month,SharedReleaseRow,Microsoft Learn,1,https://learn.microsoft.com/en-us/officeupdates/sharepoint-updates,https://support.microsoft.com/help/2880552,2026-09-24
2013,KB,KB2880551,15.0.4571.1502,SharePoint Foundation 2013,Service Pack 1 April 2014,2014-04-01,month,SharedReleaseRow,Microsoft Learn,1,https://learn.microsoft.com/en-us/officeupdates/sharepoint-updates,https://support.microsoft.com/help/2880551,2026-09-24
2013,KB,KB2880552,15.0.4571.1502,SharePoint Server 2013,Service Pack 1 April 2014,2014-04-01,month,SharedReleaseRow,Microsoft Learn,1,https://learn.microsoft.com/en-us/officeupdates/sharepoint-updates,https://support.microsoft.com/help/2880552,2026-09-24
2013,Baseline,KB2817429,15.0.4569.1000,SharePoint Server 2013,SP1 (replaced),2014-02-25,day,MultipleBuildsListed,Build Numbers (community),2,https://buildnumbers.wordpress.com/sharepoint/,https://support.microsoft.com/help/2817429,2026-09-24
2013,Baseline,KB2817429,15.0.4569.1506,SharePoint Server 2013,SP1 (replaced),2014-02-25,day,MultipleBuildsListed,Build Numbers (community),2,https://buildnumbers.wordpress.com/sharepoint/,https://support.microsoft.com/help/2817429,2026-09-24
2013,Baseline,KB2817439,15.0.4569.1000,SharePoint Foundation 2013,SP1 (replaced),2014-02-25,day,MultipleBuildsListed,Build Numbers (community),2,https://buildnumbers.wordpress.com/sharepoint/,https://support.microsoft.com/help/2817439,2026-09-24
2013,Baseline,KB2817439,15.0.4569.1506,SharePoint Foundation 2013,SP1 (replaced),2014-02-25,day,MultipleBuildsListed,Build Numbers (community),2,https://buildnumbers.wordpress.com/sharepoint/,https://support.microsoft.com/help/2817439,2026-09-24
2013,KB,KB2817429,15.0.4569.1000,SharePoint Server 2013,Service Pack 1 (replaced),2014-02-25,day,MultipleBuildsListed,Build Numbers (community),2,https://buildnumbers.wordpress.com/sharepoint/,https://support.microsoft.com/help/2817429,2026-09-24
2013,KB,KB2817429,15.0.4569.1506,SharePoint Server 2013,Service Pack 1 (replaced),2014-02-25,day,MultipleBuildsListed,Build Numbers (community),2,https://buildnumbers.wordpress.com/sharepoint/,https://support.microsoft.com/help/2817429,2026-09-24
2013,KB,KB2817439,15.0.4569.1000,SharePoint Foundation 2013,Service Pack 1 (replaced),2014-02-25,day,MultipleBuildsListed,Build Numbers (community),2,https://buildnumbers.wordpress.com/sharepoint/,https://support.microsoft.com/help/2817439,2026-09-24
2013,KB,KB2817439,15.0.4569.1506,SharePoint Foundation 2013,Service Pack 1 (replaced),2014-02-25,day,MultipleBuildsListed,Build Numbers (community),2,https://buildnumbers.wordpress.com/sharepoint/,https://support.microsoft.com/help/2817439,2026-09-24
2013,KB,KB2752001,15.0.4433.1506,SharePoint Server 2013(coreserver),December 2012 Hotfix,2013-12-11,day,ComponentRow,Build Numbers (community),2,https://buildnumbers.wordpress.com/sharepoint/,https://support.microsoft.com/help/2752001,2026-09-24
2013,KB,KB2752058,15.0.4433.1506,SharePoint Server 2013,December 2012 Hotfix,2013-12-11,day,ComponentRow,Build Numbers (community),2,https://buildnumbers.wordpress.com/sharepoint/,https://support.microsoft.com/help/2752058,2026-09-24
2013,KB,KB2849961,15.0.4551.1508,SharePoint Foundation 2013,13-Dec,2013-12-01,month,PackageEntry,Microsoft Learn,1,https://learn.microsoft.com/en-us/officeupdates/sharepoint-updates,https://support.microsoft.com/help/2849961,2026-09-24
2013,KB,KB2850024,15.0.4551.1511,SharePoint Server 2013,13-Dec,2013-12-01,month,PackageEntry,Microsoft Learn,1,https://learn.microsoft.com/en-us/officeupdates/sharepoint-updates,https://support.microsoft.com/help/2850024,2026-09-24
2013,KB,KB2825647,15.0.4551.1005,SharePoint Server 2013,13-Oct,2013-10-01,month,PackageEntry,Microsoft Learn,1,https://learn.microsoft.com/en-us/officeupdates/sharepoint-updates,https://support.microsoft.com/help/2825647,2026-09-24
2013,KB,KB2825674,15.0.4551.1001,SharePoint Foundation 2013,13-Oct,2013-10-01,month,PackageEntry,Microsoft Learn,1,https://learn.microsoft.com/en-us/officeupdates/sharepoint-updates,https://support.microsoft.com/help/2825674,2026-09-24
2013,KB,KB2817517,15.0.4535.1000,SharePoint Foundation 2013,13-Aug,2013-08-01,month,SharedReleaseRow,Microsoft Learn,1,https://learn.microsoft.com/en-us/officeupdates/sharepoint-updates,https://support.microsoft.com/help/2817517,2026-09-24
2013,KB,KB2817616,15.0.4535.1000,SharePoint Server 2013,13-Aug,2013-08-01,month,SharedReleaseRow,Microsoft Learn,1,https://learn.microsoft.com/en-us/officeupdates/sharepoint-updates,https://support.microsoft.com/help/2817616,2026-09-24
2013,KB,KB2817346,15.0.4517.1003,SharePoint Foundation 2013,13-Jun,2013-06-01,month,PackageEntry,Microsoft Learn,1,https://learn.microsoft.com/en-us/officeupdates/sharepoint-updates,https://support.microsoft.com/help/2817346,2026-09-24
2013,KB,KB2817414,15.0.4517.1005,SharePoint Server 2013,13-Jun,2013-06-01,month,PackageEntry,Microsoft Learn,1,https://learn.microsoft.com/en-us/officeupdates/sharepoint-updates,https://support.microsoft.com/help/2817414,2026-09-24
2013,KB,KB2726992,15.0.4505.1005,SharePoint Server 2013,13-Apr,2013-04-01,month,PackageEntry,Microsoft Learn,1,https://learn.microsoft.com/en-us/officeupdates/sharepoint-updates,https://support.microsoft.com/help/2726992,2026-09-24
2013,KB,KB2751999,15.0.4505.1002,SharePoint Foundation 2013,13-Apr,2013-04-01,month,PackageEntry,Microsoft Learn,1,https://learn.microsoft.com/en-us/officeupdates/sharepoint-updates,https://support.microsoft.com/help/2751999,2026-09-24
2013,KB,KB2767999,15.0.4481.1005,SharePoint Server 2013,13-Mar,2013-03-01,month,SharedReleaseRow,Microsoft Learn,1,https://learn.microsoft.com/en-us/officeupdates/sharepoint-updates,https://support.microsoft.com/help/2767999,2026-09-24
2013,KB,KB2768000,15.0.4481.1005,SharePoint Foundation 2013,13-Mar,2013-03-01,month,SharedReleaseRow,Microsoft Learn,1,https://learn.microsoft.com/en-us/officeupdates/sharepoint-updates,https://support.microsoft.com/help/2768000,2026-09-24
2013,Baseline,,15.0.4420.1017,SharePoint Foundation 2013,RTM,2012-10-24,day,ComponentRow,Build Numbers (community),2,https://buildnumbers.wordpress.com/sharepoint/,,2026-09-24
2013,Baseline,,15.0.4420.1017,SharePoint Server 2013,RTM,2012-10-24,day,ComponentRow,Build Numbers (community),2,https://buildnumbers.wordpress.com/sharepoint/,,2026-09-24
2010,KB,KB4504709,14.0.7268.5000,SharePoint Foundation 2010,21-Apr,2021-04-01,month,SharedReleaseRow,Microsoft Learn,1,https://learn.microsoft.com/en-us/officeupdates/sharepoint-updates,https://support.microsoft.com/help/4504709,2026-09-24
2010,KB,KB4504742,14.0.7268.5000,SharePoint Server 2010,21-Apr,2021-04-01,month,SharedReleaseRow,Microsoft Learn,1,https://learn.microsoft.com/en-us/officeupdates/sharepoint-updates,https://support.microsoft.com/help/4504742,2026-09-24
2010,KB,KB4504706,14.0.7267.5000,SharePoint Server 2010,21-Mar,2021-03-01,month,PackageEntry,Microsoft Learn,1,https://learn.microsoft.com/en-us/officeupdates/sharepoint-updates,https://support.microsoft.com/help/4504706,2026-09-24
2010,KB,KB4493220,14.0.7265.5000,SharePoint Server 2010,21-Feb,2021-02-01,month,SharedReleaseRow,Microsoft Learn,1,https://learn.microsoft.com/en-us/officeupdates/sharepoint-updates,https://support.microsoft.com/help/4493220,2026-09-24
2010,KB,KB4493223,14.0.7265.5000,SharePoint Foundation 2010,21-Feb,2021-02-01,month,SharedReleaseRow,Microsoft Learn,1,https://learn.microsoft.com/en-us/officeupdates/sharepoint-updates,https://support.microsoft.com/help/4493223,2026-09-24
2010,KB,KB4493184,14.0.7264.5000,SharePoint Server 2010,21-Jan,2021-01-01,month,SharedReleaseRow,Microsoft Learn,1,https://learn.microsoft.com/en-us/officeupdates/sharepoint-updates,https://support.microsoft.com/help/4493184,2026-09-24
2010,KB,KB4493187,14.0.7264.5000,SharePoint Foundation 2010,21-Jan,2021-01-01,month,SharedReleaseRow,Microsoft Learn,1,https://learn.microsoft.com/en-us/officeupdates/sharepoint-updates,https://support.microsoft.com/help/4493187,2026-09-24
2010,KB,KB4493146,14.0.7263.5000,SharePoint Server 2010,20-Dec,2020-12-01,month,SharedReleaseRow,Microsoft Learn,1,https://learn.microsoft.com/en-us/officeupdates/sharepoint-updates,https://support.microsoft.com/help/4493146,2026-09-24
2010,KB,KB4493149,14.0.7263.5000,SharePoint Foundation 2010,20-Dec,2020-12-01,month,SharedReleaseRow,Microsoft Learn,1,https://learn.microsoft.com/en-us/officeupdates/sharepoint-updates,https://support.microsoft.com/help/4493149,2026-09-24
2010,KB,KB4486741,14.0.7262.5000,SharePoint Server 2010,20-Nov,2020-11-01,month,SharedReleaseRow,Microsoft Learn,1,https://learn.microsoft.com/en-us/officeupdates/sharepoint-updates,https://support.microsoft.com/help/4486741,2026-09-24
2010,KB,KB4486744,14.0.7262.5000,SharePoint Foundation 2010,20-Nov,2020-11-01,month,SharedReleaseRow,Microsoft Learn,1,https://learn.microsoft.com/en-us/officeupdates/sharepoint-updates,https://support.microsoft.com/help/4486744,2026-09-24
2010,KB,KB4486705,14.0.7261.5000,SharePoint Server 2010,20-Oct,2020-10-01,month,SharedReleaseRow,Microsoft Learn,1,https://learn.microsoft.com/en-us/officeupdates/sharepoint-updates,https://support.microsoft.com/help/4486705,2026-09-24
2010,KB,KB4486708,14.0.7261.5000,SharePoint Foundation 2010,20-Oct,2020-10-01,month,SharedReleaseRow,Microsoft Learn,1,https://learn.microsoft.com/en-us/officeupdates/sharepoint-updates,https://support.microsoft.com/help/4486708,2026-09-24
2010,KB,KB4486662,14.0.7260.5000,SharePoint Server 2010,20-Sep,2020-09-01,month,SharedReleaseRow,Microsoft Learn,1,https://learn.microsoft.com/en-us/officeupdates/sharepoint-updates,https://support.microsoft.com/help/4486662,2026-09-24
2010,KB,KB4486667,14.0.7260.5000,SharePoint Foundation 2010,20-Sep,2020-09-01,month,SharedReleaseRow,Microsoft Learn,1,https://learn.microsoft.com/en-us/officeupdates/sharepoint-updates,https://support.microsoft.com/help/4486667,2026-09-24
2010,KB,KB4484462,14.0.7256.5000,SharePoint Foundation 2010,20-Aug,2020-08-01,month,SharedReleaseRow,Microsoft Learn,1,https://learn.microsoft.com/en-us/officeupdates/sharepoint-updates,https://support.microsoft.com/help/4484462,2026-09-24
2010,KB,KB4484496,14.0.7256.5000,SharePoint Server 2010,20-Aug,2020-08-01,month,SharedReleaseRow,Microsoft Learn,1,https://learn.microsoft.com/en-us/officeupdates/sharepoint-updates,https://support.microsoft.com/help/4484496,2026-09-24
2010,KB,KB4484459,14.0.7255.5000,SharePoint Server 2010,20-Jul,2020-07-01,month,PackageEntry,Microsoft Learn,1,https://learn.microsoft.com/en-us/officeupdates/sharepoint-updates,https://support.microsoft.com/help/4484459,2026-09-24
2010,KB,KB4484391,14.0.7253.5000,SharePoint Foundation 2010,20-Jun,2020-06-01,month,SharedReleaseRow,Microsoft Learn,1,https://learn.microsoft.com/en-us/officeupdates/sharepoint-updates,https://support.microsoft.com/help/4484391,2026-09-24
2010,KB,KB4484413,14.0.7253.5000,SharePoint Server 2010,20-Jun,2020-06-01,month,SharedReleaseRow,Microsoft Learn,1,https://learn.microsoft.com/en-us/officeupdates/sharepoint-updates,https://support.microsoft.com/help/4484413,2026-09-24
2010,KB,KB4484386,14.0.7250.5000,SharePoint Foundation 2010,20-May,2020-05-01,month,SharedReleaseRow,Microsoft Learn,1,https://learn.microsoft.com/en-us/officeupdates/sharepoint-updates,https://support.microsoft.com/help/4484386,2026-09-24
2010,KB,KB4484389,14.0.7250.5000,SharePoint Server 2010,20-May,2020-05-01,month,SharedReleaseRow,Microsoft Learn,1,https://learn.microsoft.com/en-us/officeupdates/sharepoint-updates,https://support.microsoft.com/help/4484389,2026-09-24
2010,KB,KB4484298,14.0.7248.5000,SharePoint Foundation 2010,20-Apr,2020-04-01,month,SharedReleaseRow,Microsoft Learn,1,https://learn.microsoft.com/en-us/officeupdates/sharepoint-updates,https://support.microsoft.com/help/4484298,2026-09-24
2010,KB,KB4484324,14.0.7248.5000,SharePoint Server 2010,20-Apr,2020-04-01,month,SharedReleaseRow,Microsoft Learn,1,https://learn.microsoft.com/en-us/officeupdates/sharepoint-updates,https://support.microsoft.com/help/4484324,2026-09-24
2010,KB,KB4484197,14.0.7246.5000,SharePoint Foundation 2010,20-Mar,2020-03-01,month,SharedReleaseRow,Microsoft Learn,1,https://learn.microsoft.com/en-us/officeupdates/sharepoint-updates,https://support.microsoft.com/help/4484197,2026-09-24
2010,KB,KB4484241,14.0.7246.5000,SharePoint Server 2010,20-Mar,2020-03-01,month,SharedReleaseRow,Microsoft Learn,1,https://learn.microsoft.com/en-us/officeupdates/sharepoint-updates,https://support.microsoft.com/help/4484241,2026-09-24
2010,KB,KB4484195,14.0.7243.5000,SharePoint Server 2010,19-Dec,2019-12-01,month,PackageEntry,Microsoft Learn,1,https://learn.microsoft.com/en-us/officeupdates/sharepoint-updates,https://support.microsoft.com/help/4484195,2026-09-24
2010,KB,KB4484162,14.0.7241.5000,SharePoint Server 2010,19-Nov,2019-11-01,month,SharedReleaseRow,Microsoft Learn,1,https://learn.microsoft.com/en-us/officeupdates/sharepoint-updates,https://support.microsoft.com/help/4484162,2026-09-24
2010,KB,KB4484165,14.0.7241.5000,SharePoint Foundation 2010,19-Nov,2019-11-01,month,SharedReleaseRow,Microsoft Learn,1,https://learn.microsoft.com/en-us/officeupdates/sharepoint-updates,https://support.microsoft.com/help/4484165,2026-09-24
2010,KB,KB4484129,14.0.7239.5000,SharePoint Server 2010,19-Oct,2019-10-01,month,SharedReleaseRow,Microsoft Learn,1,https://learn.microsoft.com/en-us/officeupdates/sharepoint-updates,https://support.microsoft.com/help/4484129,2026-09-24
2010,KB,KB4484131,14.0.7239.5000,SharePoint Foundation 2010,19-Oct,2019-10-01,month,SharedReleaseRow,Microsoft Learn,1,https://learn.microsoft.com/en-us/officeupdates/sharepoint-updates,https://support.microsoft.com/help/4484131,2026-09-24
2010,KB,KB4475603,14.0.7237.5000,SharePoint Server 2010,19-Sep,2019-09-01,month,SharedReleaseRow,Microsoft Learn,1,https://learn.microsoft.com/en-us/officeupdates/sharepoint-updates,https://support.microsoft.com/help/4475603,2026-09-24
2010,KB,KB4475605,14.0.7237.5000,SharePoint Foundation 2010,19-Sep,2019-09-01,month,SharedReleaseRow,Microsoft Learn,1,https://learn.microsoft.com/en-us/officeupdates/sharepoint-updates,https://support.microsoft.com/help/4475605,2026-09-24
2010,KB,KB4475572,14.0.7236.5000,SharePoint Server 2010,19-Aug,2019-08-01,month,SharedReleaseRow,Microsoft Learn,1,https://learn.microsoft.com/en-us/officeupdates/sharepoint-updates,https://support.microsoft.com/help/4475572,2026-09-24
2010,KB,KB4475575,14.0.7236.5000,SharePoint Foundation 2010,19-Aug,2019-08-01,month,SharedReleaseRow,Microsoft Learn,1,https://learn.microsoft.com/en-us/officeupdates/sharepoint-updates,https://support.microsoft.com/help/4475575,2026-09-24
2010,KB,KB4475510,14.0.7235.5000,SharePoint Foundation 2010,19-Jul,2019-07-01,month,SharedReleaseRow,Microsoft Learn,1,https://learn.microsoft.com/en-us/officeupdates/sharepoint-updates,https://support.microsoft.com/help/4475510,2026-09-24
2010,KB,KB4475535,14.0.7235.5000,SharePoint Server 2010,19-Jul,2019-07-01,month,SharedReleaseRow,Microsoft Learn,1,https://learn.microsoft.com/en-us/officeupdates/sharepoint-updates,https://support.microsoft.com/help/4475535,2026-09-24
2010,KB,KB4475508,14.0.7234.5000,SharePoint Server 2010,19-Jun,2019-06-01,month,PackageEntry,Microsoft Learn,1,https://learn.microsoft.com/en-us/officeupdates/sharepoint-updates,https://support.microsoft.com/help/4475508,2026-09-24
2010,KB,KB4464569,14.0.7233.5000,SharePoint Server 2010,19-May,2019-05-01,month,SharedReleaseRow,Microsoft Learn,1,https://learn.microsoft.com/en-us/officeupdates/sharepoint-updates,https://support.microsoft.com/help/4464569,2026-09-24
2010,KB,KB4464573,14.0.7233.5000,SharePoint Foundation 2010,19-May,2019-05-01,month,SharedReleaseRow,Microsoft Learn,1,https://learn.microsoft.com/en-us/officeupdates/sharepoint-updates,https://support.microsoft.com/help/4464573,2026-09-24
2010,KB,KB4464523,14.0.7232.5000,SharePoint Server 2010,19-Apr,2019-04-01,month,SharedReleaseRow,Microsoft Learn,1,https://learn.microsoft.com/en-us/officeupdates/sharepoint-updates,https://support.microsoft.com/help/4464523,2026-09-24
2010,KB,KB4464528,14.0.7232.5000,SharePoint Foundation 2010,19-Apr,2019-04-01,month,SharedReleaseRow,Microsoft Learn,1,https://learn.microsoft.com/en-us/officeupdates/sharepoint-updates,https://support.microsoft.com/help/4464528,2026-09-24
2010,KB,KB4462228,14.0.7231.5000,SharePoint Server 2010,19-Mar,2019-03-01,month,SharedReleaseRow,Microsoft Learn,1,https://learn.microsoft.com/en-us/officeupdates/sharepoint-updates,https://support.microsoft.com/help/4462228,2026-09-24
2010,KB,KB4462231,14.0.7231.5000,SharePoint Foundation 2010,19-Mar,2019-03-01,month,SharedReleaseRow,Microsoft Learn,1,https://learn.microsoft.com/en-us/officeupdates/sharepoint-updates,https://support.microsoft.com/help/4462231,2026-09-24
2010,KB,KB4461630,14.0.7229.5000,SharePoint Foundation 2010,19-Feb,2019-02-01,month,SharedReleaseRow,Microsoft Learn,1,https://learn.microsoft.com/en-us/officeupdates/sharepoint-updates,https://support.microsoft.com/help/4461630,2026-09-24
2010,KB,KB4462181,14.0.7229.5000,SharePoint Server 2010,19-Feb,2019-02-01,month,SharedReleaseRow,Microsoft Learn,1,https://learn.microsoft.com/en-us/officeupdates/sharepoint-updates,https://support.microsoft.com/help/4462181,2026-09-24
2010,KB,KB4461622,14.0.7228.5000,SharePoint Server 2010,19-Jan,2019-01-01,month,PackageEntry,Microsoft Learn,1,https://learn.microsoft.com/en-us/officeupdates/sharepoint-updates,https://support.microsoft.com/help/4461622,2026-09-24
2010,KB,KB4461575,14.0.7225.5000,SharePoint Server 2010,18-Dec,2018-12-01,month,SharedReleaseRow,Microsoft Learn,1,https://learn.microsoft.com/en-us/officeupdates/sharepoint-updates,https://support.microsoft.com/help/4461575,2026-09-24
2010,KB,KB4461580,14.0.7225.5000,SharePoint Foundation 2010,18-Dec,2018-12-01,month,SharedReleaseRow,Microsoft Learn,1,https://learn.microsoft.com/en-us/officeupdates/sharepoint-updates,https://support.microsoft.com/help/4461580,2026-09-24
2010,KB,KB4011713,14.0.7224.5000,SharePoint Foundation 2010,18-Nov,2018-11-01,month,SharedReleaseRow,Microsoft Learn,1,https://learn.microsoft.com/en-us/officeupdates/sharepoint-updates,https://support.microsoft.com/help/4011713,2026-09-24
2010,KB,KB4461528,14.0.7224.5000,SharePoint Server 2010,18-Nov,2018-11-01,month,SharedReleaseRow,Microsoft Learn,1,https://learn.microsoft.com/en-us/officeupdates/sharepoint-updates,https://support.microsoft.com/help/4461528,2026-09-24
2010,KB,KB4461464,14.0.7214.5000,SharePoint Server 2010,18-Oct,2018-10-01,month,PackageEntry,Microsoft Learn,1,https://learn.microsoft.com/en-us/officeupdates/sharepoint-updates,https://support.microsoft.com/help/4461464,2026-09-24
2010,KB,KB4227169,14.0.7213.5000,SharePoint Server 2010,18-Sep,2018-09-01,month,PackageEntry,Microsoft Learn,1,https://learn.microsoft.com/en-us/officeupdates/sharepoint-updates,https://support.microsoft.com/help/4227169,2026-09-24
2010,KB,KB4032221,14.0.7212.5000,SharePoint Server 2010,18-Aug,2018-08-01,month,PackageEntry,Microsoft Learn,1,https://learn.microsoft.com/en-us/officeupdates/sharepoint-updates,https://support.microsoft.com/help/4032221,2026-09-24
2010,KB,KB4022204,14.0.7210.5000,SharePoint Server 2010,18-Jun,2018-06-01,month,PackageEntry,Microsoft Learn,1,https://learn.microsoft.com/en-us/officeupdates/sharepoint-updates,https://support.microsoft.com/help/4022204,2026-09-24
2010,KB,KB4022143,14.0.7209.5000,SharePoint Server 2010,18-May,2018-05-01,month,PackageEntry,Microsoft Learn,1,https://learn.microsoft.com/en-us/officeupdates/sharepoint-updates,https://support.microsoft.com/help/4022143,2026-09-24
2010,KB,KB4018361,14.0.7197.5000,SharePoint Server 2010,18-Apr,2018-04-01,month,PackageEntry,Microsoft Learn,1,https://learn.microsoft.com/en-us/officeupdates/sharepoint-updates,https://support.microsoft.com/help/4018361,2026-09-24
2010,KB,KB4011710,14.0.7196.5000,SharePoint Server 2010,18-Mar,2018-03-01,month,PackageEntry,Microsoft Learn,1,https://learn.microsoft.com/en-us/officeupdates/sharepoint-updates,https://support.microsoft.com/help/4011710,2026-09-24
2010,KB,KB3141547,14.0.7192.5000,SharePoint Foundation 2010,18-Jan,2018-01-01,month,SharedReleaseRow,Microsoft Learn,1,https://learn.microsoft.com/en-us/officeupdates/sharepoint-updates,https://support.microsoft.com/help/3141547,2026-09-24
2010,KB,KB4011616,14.0.7192.5000,SharePoint Server 2010,18-Jan,2018-01-01,month,SharedReleaseRow,Microsoft Learn,1,https://learn.microsoft.com/en-us/officeupdates/sharepoint-updates,https://support.microsoft.com/help/4011616,2026-09-24
2010,KB,KB4011272,14.0.7190.5000,SharePoint Server 2010,17-Nov,2017-11-01,month,PackageEntry,Microsoft Learn,1,https://learn.microsoft.com/en-us/officeupdates/sharepoint-updates,https://support.microsoft.com/help/4011272,2026-09-24
2010,KB,KB4011195,14.0.7189.5001,SharePoint Server 2010,17-Oct,2017-10-01,month,PackageEntry,Microsoft Learn,1,https://learn.microsoft.com/en-us/officeupdates/sharepoint-updates,https://support.microsoft.com/help/4011195,2026-09-24
2010,KB,KB4011058,14.0.7188.5001,SharePoint Server 2010,17-Sep,2017-09-01,month,PackageEntry,Microsoft Learn,1,https://learn.microsoft.com/en-us/officeupdates/sharepoint-updates,https://support.microsoft.com/help/4011058,2026-09-24
2010,KB,KB2920815,14.0.7186.5000,SharePoint Server 2010,17-Aug,2017-08-01,month,PackageEntry,Microsoft Learn,1,https://learn.microsoft.com/en-us/officeupdates/sharepoint-updates,https://support.microsoft.com/help/2920815,2026-09-24
2010,KB,KB3213634,14.0.7183.5000,SharePoint Server 2010,17-Jul,2017-07-01,month,PackageEntry,Microsoft Learn,1,https://learn.microsoft.com/en-us/officeupdates/sharepoint-updates,https://support.microsoft.com/help/3213634,2026-09-24
2010,KB,KB3191905,14.0.7182.5000,SharePoint Server 2010,17-Jun,2017-06-01,month,PackageEntry,Microsoft Learn,1,https://learn.microsoft.com/en-us/officeupdates/sharepoint-updates,https://support.microsoft.com/help/3191905,2026-09-24
2010,KB,KB3191846,14.0.7180.5001,SharePoint Server 2010,17-Apr,2017-04-01,month,PackageEntry,Microsoft Learn,1,https://learn.microsoft.com/en-us/officeupdates/sharepoint-updates,https://support.microsoft.com/help/3191846,2026-09-24
2010,KB,KB3141545,14.0.7179.5000,SharePoint Server 2010,17-Mar,2017-03-01,month,PackageEntry,Microsoft Learn,1,https://learn.microsoft.com/en-us/officeupdates/sharepoint-updates,https://support.microsoft.com/help/3141545,2026-09-24
2010,KB,KB3118391,14.0.7177.5000,SharePoint Foundation 2010,16-Dec,2016-12-01,month,SharedReleaseRow,Microsoft Learn,1,https://learn.microsoft.com/en-us/officeupdates/sharepoint-updates,https://support.microsoft.com/help/3118391,2026-09-24
2010,KB,KB3128036,14.0.7177.5000,SharePoint Server 2010,16-Dec,2016-12-01,month,SharedReleaseRow,Microsoft Learn,1,https://learn.microsoft.com/en-us/officeupdates/sharepoint-updates,https://support.microsoft.com/help/3128036,2026-09-24
2010,KB,KB3127957,14.0.7176.5000,SharePoint Server 2010,16-Nov,2016-11-01,month,PackageEntry,Microsoft Learn,1,https://learn.microsoft.com/en-us/officeupdates/sharepoint-updates,https://support.microsoft.com/help/3127957,2026-09-24
2010,KB,KB3118387,14.0.7174.5001,SharePoint Server 2010,16-Oct,2016-10-01,month,PackageEntry,Microsoft Learn,1,https://learn.microsoft.com/en-us/officeupdates/sharepoint-updates,https://support.microsoft.com/help/3118387,2026-09-24
2010,KB,KB3115477,14.0.7173.5000,SharePoint Foundation 2010,September 2016 CU,2016-09-13,day,ComponentRow,Build Numbers (community),2,https://buildnumbers.wordpress.com/sharepoint/,https://support.microsoft.com/help/3115477,2026-09-24
2010,KB,KB3115473,14.0.7173.5000,SharePoint Server 2010,16-Sep,2016-09-01,month,PackageEntry,Microsoft Learn,1,https://learn.microsoft.com/en-us/officeupdates/sharepoint-updates,https://support.microsoft.com/help/3115473,2026-09-24
2010,KB,KB3114890,14.0.7171.5000,SharePoint Foundation 2010,16-Jul,2016-07-01,month,PackageEntry,Microsoft Learn,1,https://learn.microsoft.com/en-us/officeupdates/sharepoint-updates,https://support.microsoft.com/help/3114890,2026-09-24
2010,KB,KB3115319,14.0.7171.5002,SharePoint Server 2010,16-Jul,2016-07-01,month,PackageEntry,Microsoft Learn,1,https://learn.microsoft.com/en-us/officeupdates/sharepoint-updates,https://support.microsoft.com/help/3115319,2026-09-24
2010,KB,KB3115245,14.0.7170.5000,SharePoint Server 2010,16-Jun,2016-06-01,month,PackageEntry,Microsoft Learn,1,https://learn.microsoft.com/en-us/officeupdates/sharepoint-updates,https://support.microsoft.com/help/3115245,2026-09-24
2010,KB,KB3115126,14.0.7169.5000,SharePoint Server 2010,16-May,2016-05-01,month,PackageEntry,Microsoft Learn,1,https://learn.microsoft.com/en-us/officeupdates/sharepoint-updates,https://support.microsoft.com/help/3115126,2026-09-24
2010,KB,KB3114995,14.0.7168.5000,SharePoint Server 2010,16-Apr,2016-04-01,month,PackageEntry,Microsoft Learn,1,https://learn.microsoft.com/en-us/officeupdates/sharepoint-updates,https://support.microsoft.com/help/3114995,2026-09-24
2010,KB,KB3114886,14.0.7167.5000,SharePoint Foundation 2010,March 2016 CU,2016-03-08,day,ComponentRow,Build Numbers (community),2,https://buildnumbers.wordpress.com/sharepoint/,https://support.microsoft.com/help/3114886,2026-09-24
2010,KB,KB3114882,14.0.7167.5000,SharePoint Server 2010,16-Mar,2016-03-01,month,PackageEntry,Microsoft Learn,1,https://learn.microsoft.com/en-us/officeupdates/sharepoint-updates,https://support.microsoft.com/help/3114882,2026-09-24
2010,KB,KB3114558,14.0.7166.5000,SharePoint Server 2010,16-Feb,2016-02-01,month,SharedReleaseRow,Microsoft Learn,1,https://learn.microsoft.com/en-us/officeupdates/sharepoint-updates,https://support.microsoft.com/help/3114558,2026-09-24
2010,KB,KB3114567,14.0.7166.5000,SharePoint Foundation 2010,16-Feb,2016-02-01,month,SharedReleaseRow,Microsoft Learn,1,https://learn.microsoft.com/en-us/officeupdates/sharepoint-updates,https://support.microsoft.com/help/3114567,2026-09-24
2010,KB,KB3114408,14.0.7164.5000,SharePoint Server 2010,15-Dec,2015-12-01,month,SharedReleaseRow,Microsoft Learn,1,https://learn.microsoft.com/en-us/officeupdates/sharepoint-updates,https://support.microsoft.com/help/3114408,2026-09-24
2010,KB,KB3114418,14.0.7164.5000,SharePoint Foundation 2010,15-Dec,2015-12-01,month,SharedReleaseRow,Microsoft Learn,1,https://learn.microsoft.com/en-us/officeupdates/sharepoint-updates,https://support.microsoft.com/help/3114418,2026-09-24
2010,KB,KB3101534,14.0.7162.5000,SharePoint Server 2010,15-Nov,2015-11-01,month,SharedReleaseRow,Microsoft Learn,1,https://learn.microsoft.com/en-us/officeupdates/sharepoint-updates,https://support.microsoft.com/help/3101534,2026-09-24
2010,KB,KB3101547,14.0.7162.5000,SharePoint Foundation 2010,15-Nov,2015-11-01,month,SharedReleaseRow,Microsoft Learn,1,https://learn.microsoft.com/en-us/officeupdates/sharepoint-updates,https://support.microsoft.com/help/3101547,2026-09-24
2010,KB,KB3085603,14.0.7160.5000,SharePoint Server 2010,15-Oct,2015-10-01,month,SharedReleaseRow,Microsoft Learn,1,https://learn.microsoft.com/en-us/officeupdates/sharepoint-updates,https://support.microsoft.com/help/3085603,2026-09-24
2010,KB,KB3085613,14.0.7160.5000,SharePoint Foundation 2010,15-Oct,2015-10-01,month,SharedReleaseRow,Microsoft Learn,1,https://learn.microsoft.com/en-us/officeupdates/sharepoint-updates,https://support.microsoft.com/help/3085613,2026-09-24
2010,KB,KB3085521,14.0.7157.5001,SharePoint Server 2010,15-Sep,2015-09-01,month,SharedReleaseRow,Microsoft Learn,1,https://learn.microsoft.com/en-us/officeupdates/sharepoint-updates,https://support.microsoft.com/help/3085521,2026-09-24
2010,KB,KB3085530,14.0.7157.5001,SharePoint Foundation 2010,15-Sep,2015-09-01,month,SharedReleaseRow,Microsoft Learn,1,https://learn.microsoft.com/en-us/officeupdates/sharepoint-updates,https://support.microsoft.com/help/3085530,2026-09-24
2010,KB,KB3055040,14.0.7155.5000,SharePoint Server 2010,15-Aug,2015-08-01,month,SharedReleaseRow,Microsoft Learn,1,https://learn.microsoft.com/en-us/officeupdates/sharepoint-updates,https://support.microsoft.com/help/3055040,2026-09-24
2010,KB,KB3055049,14.0.7155.5000,SharePoint Foundation 2010,15-Aug,2015-08-01,month,SharedReleaseRow,Microsoft Learn,1,https://learn.microsoft.com/en-us/officeupdates/sharepoint-updates,https://support.microsoft.com/help/3055049,2026-09-24
2010,KB,KB3054975,14.0.7153.5000,SharePoint Server 2010,15-Jul,2015-07-01,month,SharedReleaseRow,Microsoft Learn,1,https://learn.microsoft.com/en-us/officeupdates/sharepoint-updates,https://support.microsoft.com/help/3054975,2026-09-24
2010,KB,KB3054983,14.0.7153.5000,SharePoint Foundation 2010,15-Jul,2015-07-01,month,SharedReleaseRow,Microsoft Learn,1,https://learn.microsoft.com/en-us/officeupdates/sharepoint-updates,https://support.microsoft.com/help/3054983,2026-09-24
2010,KB,KB3054847,14.0.7151.5001,SharePoint Foundation 2010,June 2015 CU,2015-06-09,day,ComponentRow,Build Numbers (community),2,https://buildnumbers.wordpress.com/sharepoint/,https://support.microsoft.com/help/3054847,2026-09-24
2010,KB,KB3054880,14.0.7151.5001,SharePoint Server 2010,15-Jun,2015-06-01,month,SharedReleaseRow,Microsoft Learn,1,https://learn.microsoft.com/en-us/officeupdates/sharepoint-updates,https://support.microsoft.com/help/3054880,2026-09-24
2010,KB,KB3017815,14.0.7149.5000,SharePoint Foundation 2010,May 2015 CU,2015-05-12,day,ComponentRow,Build Numbers (community),2,https://buildnumbers.wordpress.com/sharepoint/,https://support.microsoft.com/help/3017815,2026-09-24
2010,KB,KB3015569,14.0.7149.5000,SharePoint Server 2010,15-May,2015-05-01,month,SharedReleaseRow,Microsoft Learn,1,https://learn.microsoft.com/en-us/officeupdates/sharepoint-updates,https://support.microsoft.com/help/3015569,2026-09-24
2010,KB,KB2965241,14.0.7147.5000,SharePoint Foundation 2010,April 2015 CU,2015-04-14,day,ComponentRow,Build Numbers (community),2,https://buildnumbers.wordpress.com/sharepoint/,https://support.microsoft.com/help/2965241,2026-09-24
2010,KB,KB2965294,14.0.7147.5000,SharePoint Server 2010,15-Apr,2015-04-01,month,SharedReleaseRow,Microsoft Learn,1,https://learn.microsoft.com/en-us/officeupdates/sharepoint-updates,https://support.microsoft.com/help/2965294,2026-09-24
2010,KB,KB2956201,14.0.7145.5001,SharePoint Server 2010,15-Mar,2015-03-01,month,SharedReleaseRow,Microsoft Learn,1,https://learn.microsoft.com/en-us/officeupdates/sharepoint-updates,https://support.microsoft.com/help/2956201,2026-09-24
2010,KB,KB2956208,14.0.7145.5001,SharePoint Foundation 2010,15-Mar,2015-03-01,month,SharedReleaseRow,Microsoft Learn,1,https://learn.microsoft.com/en-us/officeupdates/sharepoint-updates,https://support.microsoft.com/help/2956208,2026-09-24
2010,KB,KB2899558,14.0.7143.5001,SharePoint Server 2010,15-Feb,2015-02-01,month,SharedReleaseRow,Microsoft Learn,1,https://learn.microsoft.com/en-us/officeupdates/sharepoint-updates,https://support.microsoft.com/help/2899558,2026-09-24
2010,KB,KB2910904,14.0.7143.5001,SharePoint Foundation 2010,15-Feb,2015-02-01,month,SharedReleaseRow,Microsoft Learn,1,https://learn.microsoft.com/en-us/officeupdates/sharepoint-updates,https://support.microsoft.com/help/2910904,2026-09-24
2010,KB,KB2899583,14.0.7140.5000,SharePoint Server 2010,14-Dec,2014-12-01,month,SharedReleaseRow,Microsoft Learn,1,https://learn.microsoft.com/en-us/officeupdates/sharepoint-updates,https://support.microsoft.com/help/2899583,2026-09-24
2010,KB,KB2899585,14.0.7140.5000,SharePoint Foundation 2010,14-Dec,2014-12-01,month,SharedReleaseRow,Microsoft Learn,1,https://learn.microsoft.com/en-us/officeupdates/sharepoint-updates,https://support.microsoft.com/help/2899585,2026-09-24
2010,KB,KB2889933,14.0.7137.5000,SharePoint Foundation 2010,14-Nov,2014-11-01,month,SharedReleaseRow,Microsoft Learn,1,https://learn.microsoft.com/en-us/officeupdates/sharepoint-updates,https://support.microsoft.com/help/2889933,2026-09-24
2010,KB,KB2899478,14.0.7137.5000,SharePoint Server 2010,14-Nov,2014-11-01,month,SharedReleaseRow,Microsoft Learn,1,https://learn.microsoft.com/en-us/officeupdates/sharepoint-updates,https://support.microsoft.com/help/2899478,2026-09-24
2010,KB,KB2889946,14.0.7134.5000,SharePoint Foundation 2010,14-Oct,2014-10-01,month,SharedReleaseRow,Microsoft Learn,1,https://learn.microsoft.com/en-us/officeupdates/sharepoint-updates,https://support.microsoft.com/help/2889946,2026-09-24
2010,KB,KB2899490,14.0.7134.5000,SharePoint Server 2010,14-Oct,2014-10-01,month,SharedReleaseRow,Microsoft Learn,1,https://learn.microsoft.com/en-us/officeupdates/sharepoint-updates,https://support.microsoft.com/help/2899490,2026-09-24
2010,KB,KB2883103,14.0.7132.5000,SharePoint Server 2010,14-Sep,2014-09-01,month,SharedReleaseRow,Microsoft Learn,1,https://learn.microsoft.com/en-us/officeupdates/sharepoint-updates,https://support.microsoft.com/help/2883103,2026-09-24
2010,KB,KB2889909,14.0.7132.5000,SharePoint Foundation 2010,14-Sep,2014-09-01,month,SharedReleaseRow,Microsoft Learn,1,https://learn.microsoft.com/en-us/officeupdates/sharepoint-updates,https://support.microsoft.com/help/2889909,2026-09-24
2010,KB,KB2889932,14.0.7132.5000,SharePoint Foundation 2010,14-Sep,2014-09-01,month,SharedReleaseRow,Microsoft Learn,1,https://learn.microsoft.com/en-us/officeupdates/sharepoint-updates,https://support.microsoft.com/help/2889932,2026-09-24
2010,KB,KB2889825,14.0.7130.5000,SharePoint Foundation 2010,August 2014 HOTFIX,2014-08-12,day,ComponentRow,Build Numbers (community),2,https://buildnumbers.wordpress.com/sharepoint/,https://support.microsoft.com/help/2889825,2026-09-24
2010,KB,KB2889831,14.0.7130.5000,SharePoint Server 2010,August 2014 HOTFIX,2014-08-12,day,ComponentRow,Build Numbers (community),2,https://buildnumbers.wordpress.com/sharepoint/,https://support.microsoft.com/help/2889831,2026-09-24
2010,KB,KB2883005,14.0.7128.5001,SharePoint Server 2010,14-Jul,2014-07-01,month,SharedReleaseRow,Microsoft Learn,1,https://learn.microsoft.com/en-us/officeupdates/sharepoint-updates,https://support.microsoft.com/help/2883005,2026-09-24
2010,KB,KB2883026,14.0.7128.5001,SharePoint Foundation 2010,14-Jul,2014-07-01,month,SharedReleaseRow,Microsoft Learn,1,https://learn.microsoft.com/en-us/officeupdates/sharepoint-updates,https://support.microsoft.com/help/2883026,2026-09-24
2010,KB,KB2880972,14.0.7125.5000,SharePoint Server 2010,14-Jun,2014-06-01,month,PackageEntry,Microsoft Learn,1,https://learn.microsoft.com/en-us/officeupdates/sharepoint-updates,https://support.microsoft.com/help/2880972,2026-09-24
2010,KB,KB2880975,14.0.7125.5002,SharePoint Foundation 2010,14-Jun,2014-06-01,month,PackageEntry,Microsoft Learn,1,https://learn.microsoft.com/en-us/officeupdates/sharepoint-updates,https://support.microsoft.com/help/2880975,2026-09-24
2010,KB,KB2837588,14.0.7123.5000,SharePoint Server 2010,MS14-022,2014-05-13,day,ComponentRow,Build Numbers (community),2,https://buildnumbers.wordpress.com/sharepoint/,https://support.microsoft.com/help/2837588,2026-09-24
2010,KB,KB2837598,14.0.7123.5000,SharePoint Server 2010,MS14-022,2014-05-13,day,ComponentRow,Build Numbers (community),2,https://buildnumbers.wordpress.com/sharepoint/,https://support.microsoft.com/help/2837598,2026-09-24
2010,KB,KB2878250,14.0.7121.5004,SharePoint Server 2010,14-Apr,2014-04-01,month,PackageEntry,Microsoft Learn,1,https://learn.microsoft.com/en-us/officeupdates/sharepoint-updates,https://support.microsoft.com/help/2878250,2026-09-24
2010,KB,KB2878270,14.0.7121.5000,SharePoint Foundation 2010,14-Apr,2014-04-01,month,PackageEntry,Microsoft Learn,1,https://learn.microsoft.com/en-us/officeupdates/sharepoint-updates,https://support.microsoft.com/help/2878270,2026-09-24
2010,KB,KB2863913,14.0.7116.5000,SharePoint Server 2010,14-Feb,2014-02-01,month,SharedReleaseRow,Microsoft Learn,1,https://learn.microsoft.com/en-us/officeupdates/sharepoint-updates,https://support.microsoft.com/help/2863913,2026-09-24
2010,KB,KB2863938,14.0.7116.5000,SharePoint Foundation 2010,14-Feb,2014-02-01,month,SharedReleaseRow,Microsoft Learn,1,https://learn.microsoft.com/en-us/officeupdates/sharepoint-updates,https://support.microsoft.com/help/2863938,2026-09-24
2010,KB,KB2849971,14.0.7113.5000,SharePoint Server 2010,13-Dec,2013-12-01,month,SharedReleaseRow,Microsoft Learn,1,https://learn.microsoft.com/en-us/officeupdates/sharepoint-updates,https://support.microsoft.com/help/2849971,2026-09-24
2010,KB,KB2849990,14.0.7113.5000,SharePoint Foundation 2010,13-Dec,2013-12-01,month,SharedReleaseRow,Microsoft Learn,1,https://learn.microsoft.com/en-us/officeupdates/sharepoint-updates,https://support.microsoft.com/help/2849990,2026-09-24
2010,KB,KB2825786,14.0.7110.5000,SharePoint Server 2010,13-Oct,2013-10-01,month,SharedReleaseRow,Microsoft Learn,1,https://learn.microsoft.com/en-us/officeupdates/sharepoint-updates,https://support.microsoft.com/help/2825786,2026-09-24
2010,KB,KB2825824,14.0.7110.5000,SharePoint Foundation 2010,13-Oct,2013-10-01,month,SharedReleaseRow,Microsoft Learn,1,https://learn.microsoft.com/en-us/officeupdates/sharepoint-updates,https://support.microsoft.com/help/2825824,2026-09-24
2010,KB,KB2817570,14.0.7106.5000,SharePoint Server 2010,August 2013 CU Recalled,2013-08-13,day,ComponentRow,Build Numbers (community),2,https://buildnumbers.wordpress.com/sharepoint/,https://support.microsoft.com/help/2817570,2026-09-24
2010,KB,KB2825990,14.0.7106.5002,SharePoint Foundation 2010,August 2013 CU Version 2,2013-08-13,day,ComponentRow,Build Numbers (community),2,https://buildnumbers.wordpress.com/sharepoint/,https://support.microsoft.com/help/2825990,2026-09-24
2010,KB,KB2817594,14.0.7106.5000,SharePoint Foundation 2010,13-Aug,2013-08-01,month,PackageEntry,Microsoft Learn,1,https://learn.microsoft.com/en-us/officeupdates/sharepoint-updates,https://support.microsoft.com/help/2817594,2026-09-24
2010,KB,KB2825949,14.0.7106.5002,SharePoint Server 2010,13-Aug,2013-08-01,month,PackageEntry,Microsoft Learn,1,https://learn.microsoft.com/en-us/officeupdates/sharepoint-updates,https://support.microsoft.com/help/2825949,2026-09-24
2010,KB,KB2817527,14.0.7102.5004,SharePoint Server 2010,June 2013 CU Version 2 (not included in SP2),2013-07-10,day,ComponentRow,Build Numbers (community),2,https://buildnumbers.wordpress.com/sharepoint/,https://support.microsoft.com/help/2817527,2026-09-24
2010,KB,KB2817552,14.0.7102.5004,SharePoint Foundation 2010,June 2013 CU Version 2 (not included in SP2),2013-07-10,day,ComponentRow,Build Numbers (community),2,https://buildnumbers.wordpress.com/sharepoint/,https://support.microsoft.com/help/2817552,2026-09-24
2010,Baseline,KB2687453,14.0.7015.1000,SharePoint Server 2010,SP2,2013-07-01,month,SharedReleaseRow,Microsoft Learn,1,https://learn.microsoft.com/en-us/officeupdates/sharepoint-updates,https://support.microsoft.com/help/2687453,2026-09-24
2010,Baseline,KB2687464,14.0.7015.1000,SharePoint Foundation 2010,SP2,2013-07-01,month,SharedReleaseRow,Microsoft Learn,1,https://learn.microsoft.com/en-us/officeupdates/sharepoint-updates,https://support.microsoft.com/help/2687464,2026-09-24
2010,KB,KB2687453,14.0.7015.1000,SharePoint Server 2010,Service Pack 2 July 2013,2013-07-01,month,SharedReleaseRow,Microsoft Learn,1,https://learn.microsoft.com/en-us/officeupdates/sharepoint-updates,https://support.microsoft.com/help/2687453,2026-09-24
2010,KB,KB2687464,14.0.7015.1000,SharePoint Foundation 2010,Service Pack 2 July 2013,2013-07-01,month,SharedReleaseRow,Microsoft Learn,1,https://learn.microsoft.com/en-us/officeupdates/sharepoint-updates,https://support.microsoft.com/help/2687464,2026-09-24
2010,KB,KB2817363,14.0.7102.5000,SharePoint Server 2010,June 2013 CU Recalled (not included in SP2),2013-06-11,day,ComponentRow,Build Numbers (community),2,https://buildnumbers.wordpress.com/sharepoint/,https://support.microsoft.com/help/2817363,2026-09-24
2010,KB,KB2817392,14.0.7102.5000,SharePoint Foundation 2010,June 2013 CU Recalled (not included in SP2),2013-06-11,day,ComponentRow,Build Numbers (community),2,https://buildnumbers.wordpress.com/sharepoint/,https://support.microsoft.com/help/2817392,2026-09-24
2010,Baseline,KB2460045,14.0.6029.1000,SharePoint Server 2010,SP1,2011-06-24,day,ComponentRow,Build Numbers (community),2,https://buildnumbers.wordpress.com/sharepoint/,https://support.microsoft.com/help/2460045,2026-09-24
2010,Baseline,KB2460058,14.0.6029.1000,SharePoint Foundation 2010,SP1,2011-06-24,day,ComponentRow,Build Numbers (community),2,https://buildnumbers.wordpress.com/sharepoint/,https://support.microsoft.com/help/2460058,2026-09-24
2010,KB,KB2460045,14.0.6029.1000,SharePoint Server 2010,Service Pack 1,2011-06-24,day,ComponentRow,Build Numbers (community),2,https://buildnumbers.wordpress.com/sharepoint/,https://support.microsoft.com/help/2460045,2026-09-24
2010,KB,KB2460058,14.0.6029.1000,SharePoint Foundation 2010,Service Pack 1,2011-06-24,day,ComponentRow,Build Numbers (community),2,https://buildnumbers.wordpress.com/sharepoint/,https://support.microsoft.com/help/2460058,2026-09-24
2010,Baseline,,14.0.4763.1000,SharePoint Foundation 2010,RTM,2010-04-01,day,ComponentRow,Build Numbers (community),2,https://buildnumbers.wordpress.com/sharepoint/,,2026-09-24
2010,Baseline,,14.0.4763.1000,SharePoint Server 2010,RTM,2010-04-01,day,ComponentRow,Build Numbers (community),2,https://buildnumbers.wordpress.com/sharepoint/,,2026-09-24
2010,Baseline,,14.0.4762.1000,SharePoint Server 2010,RTM,,unknown,BaselineSummary,Build Numbers (community),2,https://buildnumbers.wordpress.com/sharepoint/,,2026-09-24
2007,KB,KB2596763,12.0.6690.5000,SharePoint Server 2007,MS14-022,2014-05-13,day,ComponentRow,Build Numbers (community),2,https://buildnumbers.wordpress.com/sharepoint/,https://support.microsoft.com/help/2596763,2026-09-24
2007,KB,KB2596902,12.0.6690.5000,SharePoint Server 2007,MS14-022,2014-05-13,day,ComponentRow,Build Numbers (community),2,https://buildnumbers.wordpress.com/sharepoint/,https://support.microsoft.com/help/2596902,2026-09-24
2007,KB,KB2837616,12.0.6690.5000,Windows SharePoint Services 3.0,MS14-022,2014-05-13,day,ComponentRow,Build Numbers (community),2,https://buildnumbers.wordpress.com/sharepoint/,https://support.microsoft.com/help/2837616,2026-09-24
2007,KB,KB2817328,12.0.6679.5001,SharePoint Server 2007,June 2013 CU,2013-06-11,day,ComponentRow,Build Numbers (community),2,https://buildnumbers.wordpress.com/sharepoint/,https://support.microsoft.com/help/2817328,2026-09-24
2007,KB,KB2817329,12.0.6679.5001,Windows SharePoint Services 3.0,June 2013 CU,2013-06-11,day,ComponentRow,Build Numbers (community),2,https://buildnumbers.wordpress.com/sharepoint/,https://support.microsoft.com/help/2817329,2026-09-24
2007,Baseline,,12.0.4518.1016,SharePoint Server 2007,RTM,,unknown,BaselineSummary,Build Numbers (community),2,https://buildnumbers.wordpress.com/sharepoint/,,2026-09-24
2007,Baseline,,12.0.6219.1000,SharePoint Server 2007,SP1,,unknown,BaselineSummary,Build Numbers (community),2,https://buildnumbers.wordpress.com/sharepoint/,,2026-09-24
2007,Baseline,,12.0.6421.1000,SharePoint Server 2007,SP2,,unknown,BaselineSummary,Build Numbers (community),2,https://buildnumbers.wordpress.com/sharepoint/,,2026-09-24
2007,Baseline,,12.0.6608.1000,SharePoint Server 2007,SP3,,unknown,BaselineSummary,Build Numbers (community),2,https://buildnumbers.wordpress.com/sharepoint/,,2026-09-24
